name;wmc;atfd;tcc
javax.annotation.Generated;0;9;0.0
javax.annotation.PostConstruct;0;2;0.0
javax.annotation.PreDestroy;0;2;0.0
javax.annotation.Resource;0;6;0.0
javax.annotation.Resources;0;2;0.0
javax.annotation.security.DeclareRoles;0;2;0.0
javax.annotation.security.DenyAll;0;2;0.0
javax.annotation.security.PermitAll;0;3;0.0
javax.annotation.security.RolesAllowed;0;3;0.0
javax.annotation.security.RunAs;0;2;0.0
javax.ejb.EJB;0;5;0.0
javax.ejb.EJBs;0;2;0.0
javax.el.ArrayELResolver;38;15;0.0
javax.el.BeanELResolver;85;57;0.0
javax.el.CompositeELResolver;36;11;0.0
javax.el.ELContext;13;0;0.0
javax.el.ELContextEvent;1;0;0.0
javax.el.ELContextListener;1;0;0.0
javax.el.ELException;0;0;0.0
javax.el.ELResolver;12;5;0.0
javax.el.Expression;4;0;0.0
javax.el.ExpressionFactory;45;12;0.03571428571428571
javax.el.FunctionMapper;1;0;0.0
javax.el.ListELResolver;35;13;0.0
javax.el.MapELResolver;21;13;0.0
javax.el.MethodExpression;3;0;0.0
javax.el.MethodInfo;3;0;0.0
javax.el.MethodNotFoundException;0;0;0.0
javax.el.PropertyNotFoundException;0;0;0.0
javax.el.PropertyNotWritableException;0;0;0.0
javax.el.ResourceBundleELResolver;19;14;0.0
javax.el.ValueExpression;6;0;0.0
javax.el.ValueReference;2;0;0.0
javax.el.VariableMapper;2;0;0.0
javax.mail.Authenticator;0;0;0.0
javax.mail.PasswordAuthentication;0;0;0.0
javax.mail.Session;2;0;0.0
javax.mail.internet.InternetAddress;0;0;0.0
javax.mail.internet.MimeMessage;2;0;0.0
javax.mail.internet.MimePart;0;0;0.0
javax.mail.internet.MimePartDataSource;0;0;0.0
javax.persistence.PersistenceContext;0;5;0.0
javax.persistence.PersistenceContextType;0;0;0.0
javax.persistence.PersistenceContexts;0;2;0.0
javax.persistence.PersistenceProperty;0;1;0.0
javax.persistence.PersistenceUnit;0;4;0.0
javax.persistence.PersistenceUnits;0;2;0.0
javax.servlet.AsyncContext;13;0;0.0
javax.servlet.AsyncEvent;4;0;0.0
javax.servlet.AsyncListener;4;0;0.0
javax.servlet.DispatcherType;0;0;0.0
javax.servlet.Filter;3;0;0.0
javax.servlet.FilterChain;1;0;0.0
javax.servlet.FilterConfig;4;0;0.0
javax.servlet.FilterRegistration;4;0;0.0
javax.servlet.GenericServlet;12;1;0.0
javax.servlet.HttpConstraintElement;5;6;0.0
javax.servlet.HttpMethodConstraintElement;5;8;0.0
javax.servlet.MultipartConfigElement;6;0;0.0
javax.servlet.Registration;7;0;0.0
javax.servlet.RequestDispatcher;2;0;0.0
javax.servlet.Servlet;5;0;0.0
javax.servlet.ServletConfig;4;0;0.0
javax.servlet.ServletContainerInitializer;1;0;0.0
javax.servlet.ServletContext;51;0;0.0
javax.servlet.ServletContextAttributeEvent;2;0;0.0
javax.servlet.ServletContextAttributeListener;3;0;0.0
javax.servlet.ServletContextEvent;1;0;0.0
javax.servlet.ServletContextListener;2;0;0.0
javax.servlet.ServletException;1;0;0.0
javax.servlet.ServletInputStream;6;0;0.0
javax.servlet.ServletOutputStream;19;4;0.0
javax.servlet.ServletRegistration;7;0;0.0
javax.servlet.ServletRequest;36;0;0.0
javax.servlet.ServletRequestAttributeEvent;2;0;0.0
javax.servlet.ServletRequestAttributeListener;3;0;0.0
javax.servlet.ServletRequestEvent;2;0;0.0
javax.servlet.ServletRequestListener;2;0;0.0
javax.servlet.ServletRequestWrapper;46;5;0.001422475106685633
javax.servlet.ServletResponse;15;0;0.0
javax.servlet.ServletResponseWrapper;25;1;0.006535947712418301
javax.servlet.ServletSecurityElement;8;5;0.0
javax.servlet.SessionCookieConfig;14;0;0.0
javax.servlet.SessionTrackingMode;0;0;0.0
javax.servlet.SingleThreadModel;0;0;0.0
javax.servlet.UnavailableException;6;0;0.3333333333333333
javax.servlet.annotation.HandlesTypes;0;2;0.0
javax.servlet.annotation.HttpConstraint;0;3;0.0
javax.servlet.annotation.HttpMethodConstraint;0;3;0.0
javax.servlet.annotation.MultipartConfig;0;2;0.0
javax.servlet.annotation.ServletSecurity;0;2;0.0
javax.servlet.annotation.WebFilter;0;3;0.0
javax.servlet.annotation.WebInitParam;0;2;0.0
javax.servlet.annotation.WebListener;0;2;0.0
javax.servlet.annotation.WebServlet;0;2;0.0
javax.servlet.descriptor.JspConfigDescriptor;2;0;0.0
javax.servlet.descriptor.JspPropertyGroupDescriptor;12;0;0.0
javax.servlet.descriptor.TaglibDescriptor;2;0;0.0
javax.servlet.http.Cookie;31;10;0.04678362573099415
javax.servlet.http.HttpServlet;60;48;0.016666666666666666
javax.servlet.http.HttpServletRequest;30;0;0.0
javax.servlet.http.HttpServletRequestWrapper;31;0;0.0
javax.servlet.http.HttpServletResponse;21;0;0.0
javax.servlet.http.HttpServletResponseWrapper;22;0;0.0
javax.servlet.http.HttpSession;17;0;0.0
javax.servlet.http.HttpSessionActivationListener;2;0;0.0
javax.servlet.http.HttpSessionAttributeListener;3;0;0.0
javax.servlet.http.HttpSessionBindingEvent;3;0;0.0
javax.servlet.http.HttpSessionBindingListener;2;0;0.0
javax.servlet.http.HttpSessionContext;2;0;0.0
javax.servlet.http.HttpSessionEvent;1;0;0.0
javax.servlet.http.HttpSessionListener;2;0;0.0
javax.servlet.http.HttpUtils;25;17;0.0
javax.servlet.http.Part;9;0;0.0
javax.servlet.jsp.ErrorData;4;0;0.0
javax.servlet.jsp.HttpJspPage;1;0;0.0
javax.servlet.jsp.JspApplicationContext;3;0;0.0
javax.servlet.jsp.JspContext;15;0;0.0
javax.servlet.jsp.JspEngineInfo;1;0;0.0
javax.servlet.jsp.JspException;1;0;0.0
javax.servlet.jsp.JspFactory;6;1;0.06666666666666667
javax.servlet.jsp.JspPage;2;0;0.0
javax.servlet.jsp.JspTagException;0;0;0.0
javax.servlet.jsp.JspWriter;27;0;0.0
javax.servlet.jsp.PageContext;17;0;0.0
javax.servlet.jsp.SkipPageException;0;0;0.0
javax.servlet.jsp.el.ELException;1;0;0.0
javax.servlet.jsp.el.ELParseException;0;0;0.0
javax.servlet.jsp.el.Expression;1;0;0.0
javax.servlet.jsp.el.ExpressionEvaluator;2;0;0.0
javax.servlet.jsp.el.FunctionMapper;1;0;0.0
javax.servlet.jsp.el.ImplicitObjectELResolver;125;37;0.006896551724137931
javax.servlet.jsp.el.ScopedAttributeELResolver;23;68;0.0
javax.servlet.jsp.el.VariableResolver;1;0;0.0
javax.servlet.jsp.tagext.BodyContent;7;0;0.0
javax.servlet.jsp.tagext.BodyTag;2;0;0.0
javax.servlet.jsp.tagext.BodyTagSupport;8;1;0.03571428571428571
javax.servlet.jsp.tagext.DynamicAttributes;1;0;0.0
javax.servlet.jsp.tagext.FunctionInfo;3;0;0.0
javax.servlet.jsp.tagext.IterationTag;1;0;0.0
javax.servlet.jsp.tagext.JspFragment;2;0;0.0
javax.servlet.jsp.tagext.JspIdConsumer;1;0;0.0
javax.servlet.jsp.tagext.JspTag;0;0;0.0
javax.servlet.jsp.tagext.PageData;1;0;0.0
javax.servlet.jsp.tagext.SimpleTag;5;0;0.0
javax.servlet.jsp.tagext.SimpleTagSupport;19;3;0.0
javax.servlet.jsp.tagext.Tag;6;0;0.0
javax.servlet.jsp.tagext.TagAdapter;11;1;0.0
javax.servlet.jsp.tagext.TagAttributeInfo;14;1;0.13636363636363635
javax.servlet.jsp.tagext.TagData;9;6;0.0
javax.servlet.jsp.tagext.TagExtraInfo;6;3;0.1
javax.servlet.jsp.tagext.TagFileInfo;3;0;0.0
javax.servlet.jsp.tagext.TagInfo;23;5;0.014705882352941176
javax.servlet.jsp.tagext.TagLibraryInfo;25;6;0.07692307692307693
javax.servlet.jsp.tagext.TagLibraryValidator;4;0;0.5
javax.servlet.jsp.tagext.TagSupport;27;5;0.17582417582417584
javax.servlet.jsp.tagext.TagVariableInfo;5;0;0.0
javax.servlet.jsp.tagext.TryCatchFinally;2;0;0.0
javax.servlet.jsp.tagext.ValidationMessage;2;0;0.0
javax.servlet.jsp.tagext.VariableInfo;4;0;0.0
javax.xml.ws.WebServiceRef;0;6;0.0
javax.xml.ws.WebServiceRefs;0;2;0.0
org.apache.catalina.AccessLog;1;0;0.0
org.apache.catalina.Authenticator;2;0;0.0
org.apache.catalina.CatalinaFactory;3;1;0.0
org.apache.catalina.Cluster;11;0;0.0
org.apache.catalina.Contained;2;0;0.0
org.apache.catalina.Container;37;0;0.0
org.apache.catalina.ContainerEvent;4;0;0.0
org.apache.catalina.ContainerListener;1;0;0.0
org.apache.catalina.ContainerServlet;2;0;0.0
org.apache.catalina.Context;141;0;0.0
org.apache.catalina.Engine;6;0;0.0
org.apache.catalina.Executor;2;0;0.0
org.apache.catalina.Globals;0;3;0.0
org.apache.catalina.Group;11;0;0.0
org.apache.catalina.Host;18;0;0.0
org.apache.catalina.InstanceEvent;7;0;0.0
org.apache.catalina.InstanceListener;1;0;0.0
org.apache.catalina.Lifecycle;8;0;0.0
org.apache.catalina.LifecycleEvent;3;0;0.0
org.apache.catalina.LifecycleException;6;0;0.6666666666666666
org.apache.catalina.LifecycleListener;1;0;0.0
org.apache.catalina.LifecycleState;2;8;0.0
org.apache.catalina.Loader;14;0;0.0
org.apache.catalina.Manager;35;0;0.0
org.apache.catalina.Pipeline;9;0;0.0
org.apache.catalina.Realm;13;0;0.0
org.apache.catalina.Role;5;0;0.0
org.apache.catalina.Server;14;0;0.0
org.apache.catalina.Service;14;0;0.0
org.apache.catalina.Session;32;0;0.0
org.apache.catalina.SessionEvent;4;0;0.0
org.apache.catalina.SessionListener;1;0;0.0
org.apache.catalina.Store;11;0;0.0
org.apache.catalina.User;17;0;0.0
org.apache.catalina.UserDatabase;16;0;0.0
org.apache.catalina.Valve;7;0;0.0
org.apache.catalina.Wrapper;39;0;0.0
org.apache.catalina.ant.AbstractCatalinaTask;35;21;0.08333333333333333
org.apache.catalina.ant.BaseRedirectorHelperTask;34;17;0.4444444444444444
org.apache.catalina.ant.DeployTask;28;4;0.07692307692307693
org.apache.catalina.ant.JKStatusUpdateTask;60;4;0.1477832512315271
org.apache.catalina.ant.JMXGetTask;7;0;0.2
org.apache.catalina.ant.JMXQueryTask;4;0;0.3333333333333333
org.apache.catalina.ant.JMXSetTask;9;0;0.14285714285714285
org.apache.catalina.ant.ListTask;1;0;0.0
org.apache.catalina.ant.ReloadTask;5;0;0.3333333333333333
org.apache.catalina.ant.ResourcesTask;4;0;0.3333333333333333
org.apache.catalina.ant.RolesTask;1;0;0.0
org.apache.catalina.ant.ServerinfoTask;1;0;0.0
org.apache.catalina.ant.SessionsTask;5;0;0.3333333333333333
org.apache.catalina.ant.StartTask;5;0;0.3333333333333333
org.apache.catalina.ant.StopTask;5;0;0.3333333333333333
org.apache.catalina.ant.UndeployTask;4;0;0.3333333333333333
org.apache.catalina.ant.ValidatorTask;8;3;0.3333333333333333
org.apache.catalina.ant.jmx.Arg;5;0;0.2
org.apache.catalina.ant.jmx.JMXAccessorCondition;57;0;0.05846774193548387
org.apache.catalina.ant.jmx.JMXAccessorCreateTask;21;8;0.2222222222222222
org.apache.catalina.ant.jmx.JMXAccessorEqualsCondition;28;0;0.0735930735930736
org.apache.catalina.ant.jmx.JMXAccessorGetTask;9;1;0.6
org.apache.catalina.ant.jmx.JMXAccessorInvokeTask;14;8;0.32142857142857145
org.apache.catalina.ant.jmx.JMXAccessorQueryTask;25;7;0.0
org.apache.catalina.ant.jmx.JMXAccessorSetTask;21;4;0.19696969696969696
org.apache.catalina.ant.jmx.JMXAccessorTask;122;18;0.025609756097560974
org.apache.catalina.ant.jmx.JMXAccessorUnregisterTask;5;0;0.0
org.apache.catalina.authenticator.AuthenticatorBase;98;77;0.07122507122507123
org.apache.catalina.authenticator.BasicAuthenticator;13;19;0.0
org.apache.catalina.authenticator.Constants;0;1;0.0
org.apache.catalina.authenticator.DigestAuthenticator;39;21;0.14285714285714285
org.apache.catalina.authenticator.FormAuthenticator;70;123;0.06666666666666667
org.apache.catalina.authenticator.NonLoginAuthenticator;3;1;0.0
org.apache.catalina.authenticator.SSLAuthenticator;13;23;0.0
org.apache.catalina.authenticator.SavedRequest;22;3;0.0
org.apache.catalina.authenticator.SingleSignOn;62;49;0.10989010989010989
org.apache.catalina.authenticator.SingleSignOnEntry;14;8;0.027777777777777776
org.apache.catalina.comet.CometEvent;6;0;0.0
org.apache.catalina.comet.CometFilter;1;0;0.0
org.apache.catalina.comet.CometFilterChain;1;0;0.0
org.apache.catalina.comet.CometProcessor;1;0;0.0
org.apache.catalina.connector.ClientAbortException;6;0;0.6666666666666666
org.apache.catalina.connector.CometEventImpl;14;14;0.15555555555555556
org.apache.catalina.connector.Connector;78;26;0.005805515239477504
org.apache.catalina.connector.Constants;0;0;0.0
org.apache.catalina.connector.CoyoteAdapter;174;243;0.07692307692307693
org.apache.catalina.connector.CoyoteInputStream;28;22;0.0
org.apache.catalina.connector.CoyoteOutputStream;7;1;0.0
org.apache.catalina.connector.CoyotePrincipal;2;0;0.0
org.apache.catalina.connector.CoyoteReader;29;1;0.0
org.apache.catalina.connector.CoyoteWriter;41;1;0.16666666666666666
org.apache.catalina.connector.InputBuffer;63;75;0.32105263157894737
org.apache.catalina.connector.MapperListener;68;68;0.06593406593406594
org.apache.catalina.connector.OutputBuffer;70;26;0.21082621082621084
org.apache.catalina.connector.Request;404;210;0.01921309064166207
org.apache.catalina.connector.RequestFacade;152;197;0.6760316066725197
org.apache.catalina.connector.Response;214;110;0.0745814307458143
org.apache.catalina.connector.ResponseFacade;84;66;0.12280701754385964
org.apache.catalina.core.ApplicationContext;207;117;0.013976240391334731
org.apache.catalina.core.ApplicationContextFacade;127;115;0.017857142857142856
org.apache.catalina.core.ApplicationDispatcher;128;161;0.05714285714285714
org.apache.catalina.core.ApplicationFilterChain;60;62;0.19696969696969696
org.apache.catalina.core.ApplicationFilterConfig;43;27;0.10476190476190476
org.apache.catalina.core.ApplicationFilterFactory;58;40;0.0
org.apache.catalina.core.ApplicationFilterRegistration;35;22;0.0
org.apache.catalina.core.ApplicationHttpRequest;121;51;0.05263157894736842
org.apache.catalina.core.ApplicationHttpResponse;39;2;0.7017543859649122
org.apache.catalina.core.ApplicationJspConfigDescriptor;2;0;0.0
org.apache.catalina.core.ApplicationJspPropertyGroupDescriptor;22;13;0.0
org.apache.catalina.core.ApplicationPart;23;11;0.05454545454545454
org.apache.catalina.core.ApplicationRequest;11;17;0.6666666666666666
org.apache.catalina.core.ApplicationResponse;14;2;0.5357142857142857
org.apache.catalina.core.ApplicationServletRegistration;41;27;0.0
org.apache.catalina.core.ApplicationSessionCookieConfig;36;17;0.058823529411764705
org.apache.catalina.core.ApplicationTaglibDescriptor;15;4;0.8333333333333334
org.apache.catalina.core.AprLifecycleListener;28;23;0.3611111111111111
org.apache.catalina.core.AsyncContextImpl;80;109;0.04923076923076923
org.apache.catalina.core.AsyncListenerWrapper;5;0;0.1
org.apache.catalina.core.Constants;0;1;0.0
org.apache.catalina.core.ContainerBase;181;54;0.1011764705882353
org.apache.catalina.core.DefaultInstanceManager;79;105;0.01818181818181818
org.apache.catalina.core.DummyRequest;130;1;3.6909448818897637E-4
org.apache.catalina.core.DummyResponse;66;0;0.0
org.apache.catalina.core.JasperListener;3;5;0.0
org.apache.catalina.core.JreMemoryLeakPreventionListener;32;21;0.23076923076923078
org.apache.catalina.core.NamingContextListener;201;191;0.26153846153846155
org.apache.catalina.core.StandardContext;684;315;0.00567288104999871
org.apache.catalina.core.StandardContextValve;31;29;0.0
org.apache.catalina.core.StandardEngine;29;15;0.016666666666666666
org.apache.catalina.core.StandardEngineValve;5;6;0.0
org.apache.catalina.core.StandardHost;76;35;0.013414634146341463
org.apache.catalina.core.StandardHostValve;45;80;0.03571428571428571
org.apache.catalina.core.StandardPipeline;62;24;0.30833333333333335
org.apache.catalina.core.StandardServer;75;35;0.11397849462365592
org.apache.catalina.core.StandardService;76;31;0.16666666666666666
org.apache.catalina.core.StandardThreadExecutor;50;18;0.17803030303030304
org.apache.catalina.core.StandardWrapper;209;83;0.019151846785225718
org.apache.catalina.core.StandardWrapperFacade;7;4;0.0
org.apache.catalina.core.StandardWrapperValve;89;128;0.21978021978021978
org.apache.catalina.deploy.ApplicationParameter;10;0;0.1111111111111111
org.apache.catalina.deploy.Constants;0;0;0.0
org.apache.catalina.deploy.ContextEjb;12;0;0.14285714285714285
org.apache.catalina.deploy.ContextEnvironment;8;0;0.2
org.apache.catalina.deploy.ContextHandler;18;1;0.01282051282051282
org.apache.catalina.deploy.ContextLocalEjb;12;0;0.14285714285714285
org.apache.catalina.deploy.ContextResource;9;0;0.2
org.apache.catalina.deploy.ContextResourceEnvRef;4;0;0.3333333333333333
org.apache.catalina.deploy.ContextResourceLink;7;0;0.1
org.apache.catalina.deploy.ContextService;39;2;0.023333333333333334
org.apache.catalina.deploy.ContextTransaction;7;1;0.0
org.apache.catalina.deploy.ErrorPage;12;0;0.21428571428571427
org.apache.catalina.deploy.FilterDef;20;0;0.011695906432748537
org.apache.catalina.deploy.FilterMap;27;11;0.07575757575757576
org.apache.catalina.deploy.Injectable;3;0;0.0
org.apache.catalina.deploy.InjectionTarget;4;0;0.3333333333333333
org.apache.catalina.deploy.JspPropertyGroup;24;0;0.018115942028985508
org.apache.catalina.deploy.LoginConfig;33;8;0.2727272727272727
org.apache.catalina.deploy.MessageDestination;11;0;0.14285714285714285
org.apache.catalina.deploy.MessageDestinationRef;9;0;0.2
org.apache.catalina.deploy.MultipartDef;29;8;0.4666666666666667
org.apache.catalina.deploy.NamingResources;65;63;0.06666666666666667
org.apache.catalina.deploy.ResourceBase;14;1;0.06593406593406594
org.apache.catalina.deploy.SecurityCollection;53;31;0.13725490196078433
org.apache.catalina.deploy.SecurityConstraint;75;29;0.12105263157894737
org.apache.catalina.deploy.SecurityRoleRef;6;0;0.2
org.apache.catalina.deploy.ServletDef;30;2;0.0
org.apache.catalina.deploy.SessionConfig;18;1;0.05228758169934641
org.apache.catalina.deploy.WebXml;446;446;0.02243502051983584
org.apache.catalina.filters.AddDefaultCharsetFilter;7;0;0.0
org.apache.catalina.filters.Constants;0;0;0.0
org.apache.catalina.filters.CsrfPreventionFilter;31;13;0.0
org.apache.catalina.filters.FilterBase;5;4;0.0
org.apache.catalina.filters.RemoteAddrFilter;3;3;0.0
org.apache.catalina.filters.RemoteHostFilter;3;3;0.0
org.apache.catalina.filters.RemoteIpFilter;93;73;0.012195121951219513
org.apache.catalina.filters.RequestDumperFilter;30;36;0.0
org.apache.catalina.filters.RequestFilter;24;7;0.0
org.apache.catalina.filters.WebdavFixFilter;12;6;0.0
org.apache.catalina.ha.CatalinaCluster;20;0;0.0
org.apache.catalina.ha.ClusterDeployer;7;0;0.0
org.apache.catalina.ha.ClusterListener;12;2;0.06666666666666667
org.apache.catalina.ha.ClusterManager;15;0;0.0
org.apache.catalina.ha.ClusterMessage;6;0;0.0
org.apache.catalina.ha.ClusterMessageBase;6;0;0.13333333333333333
org.apache.catalina.ha.ClusterRuleSet;1;0;0.0
org.apache.catalina.ha.ClusterSession;2;0;0.0
org.apache.catalina.ha.ClusterValve;2;0;0.0
org.apache.catalina.ha.Constants;0;0;0.0
org.apache.catalina.ha.authenticator.ClusterSingleSignOn;47;49;0.2761904761904762
org.apache.catalina.ha.authenticator.ClusterSingleSignOnListener;26;34;0.06666666666666667
org.apache.catalina.ha.authenticator.SingleSignOnMessage;22;0;0.0380952380952381
org.apache.catalina.ha.backend.CollectedInfo;11;5;1.0
org.apache.catalina.ha.backend.HeartbeatListener;22;7;0.0989010989010989
org.apache.catalina.ha.backend.MultiCastSender;7;14;0.0
org.apache.catalina.ha.backend.Proxy;0;1;0.0
org.apache.catalina.ha.backend.Sender;2;0;0.0
org.apache.catalina.ha.backend.TcpSender;28;17;1.0
org.apache.catalina.ha.context.ReplicatedContext;35;11;0.029411764705882353
org.apache.catalina.ha.deploy.FarmWarDeployer;101;50;0.03840682788051209
org.apache.catalina.ha.deploy.FileChangeListener;2;0;0.0
org.apache.catalina.ha.deploy.FileMessage;14;0;0.06593406593406594
org.apache.catalina.ha.deploy.FileMessageFactory;28;31;0.23809523809523808
org.apache.catalina.ha.deploy.UndeployMessage;14;0;0.07692307692307693
org.apache.catalina.ha.deploy.WarWatcher;31;10;0.03296703296703297
org.apache.catalina.ha.jmx.ClusterJmxHelper;19;13;0.0
org.apache.catalina.ha.session.BackupManager;40;17;0.052873563218390804
org.apache.catalina.ha.session.ClusterManagerBase;7;3;0.0
org.apache.catalina.ha.session.ClusterSessionListener;11;9;0.0
org.apache.catalina.ha.session.Constants;0;0;0.0
org.apache.catalina.ha.session.DeltaManager;253;176;0.035897435897435895
org.apache.catalina.ha.session.DeltaRequest;61;28;0.10507246376811594
org.apache.catalina.ha.session.DeltaSession;112;29;0.03974358974358974
org.apache.catalina.ha.session.JvmRouteBinderValve;57;34;0.08496732026143791
org.apache.catalina.ha.session.JvmRouteSessionIDBinderListener;19;24;0.06666666666666667
org.apache.catalina.ha.session.ReplicatedSession;37;1;0.010869565217391304
org.apache.catalina.ha.session.SerializablePrincipal;26;20;0.044444444444444446
org.apache.catalina.ha.session.SessionIDMessage;12;0;0.07575757575757576
org.apache.catalina.ha.session.SessionMessage;5;0;0.0
org.apache.catalina.ha.session.SessionMessageImpl;20;0;0.06666666666666667
org.apache.catalina.ha.session.SimpleTcpReplicationManager;91;63;0.030107526881720432
org.apache.catalina.ha.tcp.Constants;0;0;0.0
org.apache.catalina.ha.tcp.ReplicationValve;94;47;0.0855614973262032
org.apache.catalina.ha.tcp.SendMessageData;6;0;0.2
org.apache.catalina.ha.tcp.SimpleTcpCluster;129;52;0.026884862653419054
org.apache.catalina.ha.util.IDynamicProperty;4;0;0.0
org.apache.catalina.loader.Constants;0;0;0.0
org.apache.catalina.loader.JdbcLeakPrevention;3;1;0.0
org.apache.catalina.loader.ResourceEntry;0;0;0.0
org.apache.catalina.loader.StandardClassLoader;0;0;0.0
org.apache.catalina.loader.StandardClassLoaderMBean;0;0;0.0
org.apache.catalina.loader.VirtualWebappLoader;19;19;0.16666666666666666
org.apache.catalina.loader.WebappClassLoader;517;333;0.056842105263157895
org.apache.catalina.loader.WebappLoader;152;94;0.15396825396825398
org.apache.catalina.manager.Constants;0;1;0.0
org.apache.catalina.manager.HTMLManagerServlet;144;155;0.0
org.apache.catalina.manager.JMXProxyServlet;39;22;0.03571428571428571
org.apache.catalina.manager.JspHelper;28;7;0.01818181818181818
org.apache.catalina.manager.ManagerServlet;252;127;0.16733870967741934
org.apache.catalina.manager.StatusManagerServlet;33;48;0.16666666666666666
org.apache.catalina.manager.StatusTransformer;116;90;0.0
org.apache.catalina.manager.host.Constants;0;1;0.0
org.apache.catalina.manager.host.HTMLHostManagerServlet;28;75;0.0
org.apache.catalina.manager.host.HostManagerServlet;86;67;0.3484848484848485
org.apache.catalina.manager.util.BaseSessionComparator;5;0;0.0
org.apache.catalina.manager.util.ReverseComparator;1;0;0.0
org.apache.catalina.manager.util.SessionUtils;47;25;0.0
org.apache.catalina.mbeans.ClassNameMBean;1;0;0.0
org.apache.catalina.mbeans.ConnectorMBean;9;3;0.0
org.apache.catalina.mbeans.Constants;0;0;0.0
org.apache.catalina.mbeans.ContextEnvironmentMBean;3;2;0.0
org.apache.catalina.mbeans.ContextResourceLinkMBean;18;18;0.0
org.apache.catalina.mbeans.ContextResourceMBean;20;21;0.0
org.apache.catalina.mbeans.GlobalResourcesLifecycleListener;29;17;0.0
org.apache.catalina.mbeans.GroupMBean;12;4;0.0
org.apache.catalina.mbeans.JmxRemoteLifecycleListener;26;21;0.18181818181818182
org.apache.catalina.mbeans.MBeanFactory;79;86;0.011363636363636364
org.apache.catalina.mbeans.MBeanUtils;205;137;0.0
org.apache.catalina.mbeans.MemoryUserDatabaseMBean;30;9;0.0
org.apache.catalina.mbeans.NamingResourcesMBean;27;16;0.0
org.apache.catalina.mbeans.RoleMBean;0;0;0.0
org.apache.catalina.mbeans.ServerLifecycleListener;195;120;0.0
org.apache.catalina.mbeans.UserMBean;18;4;0.0
org.apache.catalina.realm.CombinedRealm;38;34;0.16666666666666666
org.apache.catalina.realm.Constants;0;0;0.0
org.apache.catalina.realm.DataSourceRealm;56;17;0.07666666666666666
org.apache.catalina.realm.GenericPrincipal;14;1;0.047619047619047616
org.apache.catalina.realm.JAASCallbackHandler;15;11;0.0
org.apache.catalina.realm.JAASMemoryLoginModule;24;13;0.4666666666666667
org.apache.catalina.realm.JAASRealm;60;38;0.0718954248366013
org.apache.catalina.realm.JDBCRealm;70;23;0.07741935483870968
org.apache.catalina.realm.JNDIRealm;251;107;0.030985915492957747
org.apache.catalina.realm.LockOutRealm;37;16;0.12280701754385964
org.apache.catalina.realm.MemoryRealm;27;24;0.07272727272727272
org.apache.catalina.realm.MemoryRuleSet;3;5;0.0
org.apache.catalina.realm.RealmBase;207;125;0.03205128205128205
org.apache.catalina.realm.UserDatabaseRealm;25;16;0.1111111111111111
org.apache.catalina.security.SecurityClassLoad;9;1;0.0
org.apache.catalina.security.SecurityConfig;12;7;0.0
org.apache.catalina.security.SecurityUtil;53;18;0.047619047619047616
org.apache.catalina.servlets.CGIServlet;165;124;0.07671957671957672
org.apache.catalina.servlets.Constants;0;0;0.0
org.apache.catalina.servlets.DefaultServlet;263;205;0.03655913978494624
org.apache.catalina.servlets.WebdavServlet;351;479;0.022727272727272728
org.apache.catalina.session.Constants;0;0;0.0
org.apache.catalina.session.FileStore;50;23;0.07692307692307693
org.apache.catalina.session.JDBCStore;117;27;0.10668563300142248
org.apache.catalina.session.ManagerBase;150;63;0.014078674948240166
org.apache.catalina.session.PersistentManager;2;0;0.0
org.apache.catalina.session.PersistentManagerBase;144;71;0.06756756756756757
org.apache.catalina.session.StandardManager;91;54;0.05263157894736842
org.apache.catalina.session.StandardSession;189;90;0.04011299435028248
org.apache.catalina.session.StandardSessionFacade;17;14;0.0
org.apache.catalina.session.StoreBase;23;8;0.045454545454545456
org.apache.catalina.ssi.ByteArrayServletOutputStream;2;0;0.0
org.apache.catalina.ssi.ExpressionParseTree;58;27;0.022222222222222223
org.apache.catalina.ssi.ExpressionTokenizer;33;1;0.4
org.apache.catalina.ssi.ResponseIncludeWrapper;29;8;0.41818181818181815
org.apache.catalina.ssi.SSICommand;1;0;0.0
org.apache.catalina.ssi.SSIConditional;17;22;0.0
org.apache.catalina.ssi.SSIConditionalState;0;0;0.0
org.apache.catalina.ssi.SSIConfig;5;5;0.0
org.apache.catalina.ssi.SSIEcho;8;3;0.0
org.apache.catalina.ssi.SSIExec;6;8;0.0
org.apache.catalina.ssi.SSIExternalResolver;8;0;0.0
org.apache.catalina.ssi.SSIFilter;14;22;0.3333333333333333
org.apache.catalina.ssi.SSIFlastmod;6;5;0.0
org.apache.catalina.ssi.SSIFsize;16;5;0.0
org.apache.catalina.ssi.SSIInclude;5;4;0.0
org.apache.catalina.ssi.SSIMediator;49;18;0.03508771929824561
org.apache.catalina.ssi.SSIPrintenv;4;4;0.0
org.apache.catalina.ssi.SSIProcessor;60;7;0.0
org.apache.catalina.ssi.SSIServlet;23;15;1.0
org.apache.catalina.ssi.SSIServletExternalResolver;121;60;0.025974025974025976
org.apache.catalina.ssi.SSIServletRequestUtil;8;5;0.0
org.apache.catalina.ssi.SSISet;5;3;0.0
org.apache.catalina.ssi.SSIStopProcessingException;0;0;0.0
org.apache.catalina.startup.Bootstrap;55;36;0.14285714285714285
org.apache.catalina.startup.Catalina;95;69;0.07671957671957672
org.apache.catalina.startup.CatalinaProperties;18;7;0.0
org.apache.catalina.startup.ClassLoaderFactory;42;37;0.0
org.apache.catalina.startup.ClusterRuleSetFactory;11;8;0.0
org.apache.catalina.startup.ConnectorCreateRule;6;8;0.0
org.apache.catalina.startup.Constants;0;0;0.0
org.apache.catalina.startup.ContextConfig;399;314;0.08776595744680851
org.apache.catalina.startup.ContextRuleSet;3;0;0.0
org.apache.catalina.startup.CopyParentClassLoaderRule;2;1;0.0
org.apache.catalina.startup.DigesterFactory;7;58;0.0
org.apache.catalina.startup.Embedded;116;102;0.03787878787878788
org.apache.catalina.startup.EngineConfig;8;10;0.0
org.apache.catalina.startup.EngineRuleSet;1;0;0.0
org.apache.catalina.startup.ExpandWar;57;48;0.0
org.apache.catalina.startup.HomesUserDatabase;10;5;0.0
org.apache.catalina.startup.HostConfig;228;195;0.1014799154334038
org.apache.catalina.startup.HostRuleSet;1;0;0.0
org.apache.catalina.startup.LifecycleListenerRule;3;1;0.0
org.apache.catalina.startup.NamingRuleSet;1;0;0.0
org.apache.catalina.startup.PasswdUserDatabase;18;3;0.0
org.apache.catalina.startup.RealmRuleSet;1;0;0.0
org.apache.catalina.startup.SetAllPropertiesRule;8;7;0.0
org.apache.catalina.startup.SetContextPropertiesRule;7;6;0.0
org.apache.catalina.startup.SetNextNamingRule;3;1;1.0
org.apache.catalina.startup.TldConfig;85;44;0.06521739130434782
org.apache.catalina.startup.TldRuleSet;10;6;0.0
org.apache.catalina.startup.Tomcat;65;52;0.03409090909090909
org.apache.catalina.startup.Tool;21;20;0.0
org.apache.catalina.startup.UserConfig;27;18;0.03296703296703297
org.apache.catalina.startup.UserDatabase;4;0;0.0
org.apache.catalina.startup.WebAnnotationSet;37;26;0.0
org.apache.catalina.startup.WebRuleSet;55;28;0.047619047619047616
org.apache.catalina.startup.XmlErrorHandler;8;4;0.0
org.apache.catalina.tribes.ByteMessage;6;2;1.0
org.apache.catalina.tribes.Channel;15;0;0.0
org.apache.catalina.tribes.ChannelException;22;2;0.10714285714285714
org.apache.catalina.tribes.ChannelInterceptor;19;0;0.0
org.apache.catalina.tribes.ChannelListener;4;0;0.0
org.apache.catalina.tribes.ChannelMessage;11;0;0.0
org.apache.catalina.tribes.ChannelReceiver;8;0;0.0
org.apache.catalina.tribes.ChannelSender;6;0;0.0
org.apache.catalina.tribes.Constants;0;0;0.0
org.apache.catalina.tribes.ErrorHandler;2;0;0.0
org.apache.catalina.tribes.Heartbeat;1;0;0.0
org.apache.catalina.tribes.ManagedChannel;7;0;0.0
org.apache.catalina.tribes.Member;13;0;0.0
org.apache.catalina.tribes.MembershipListener;2;0;0.0
org.apache.catalina.tribes.MembershipService;17;2;0.0
org.apache.catalina.tribes.MessageListener;4;0;0.0
org.apache.catalina.tribes.RemoteProcessException;0;0;0.0
org.apache.catalina.tribes.UniqueId;12;4;0.5
org.apache.catalina.tribes.group.AbsoluteOrder;18;12;0.0
org.apache.catalina.tribes.group.ChannelCoordinator;47;40;0.04285714285714286
org.apache.catalina.tribes.group.ChannelInterceptorBase;32;2;0.02631578947368421
org.apache.catalina.tribes.group.GroupChannel;94;57;0.025210084033613446
org.apache.catalina.tribes.group.InterceptorPayload;2;0;1.0
org.apache.catalina.tribes.group.Response;4;0;0.3333333333333333
org.apache.catalina.tribes.group.RpcCallback;2;0;0.0
org.apache.catalina.tribes.group.RpcChannel;41;22;0.0661764705882353
org.apache.catalina.tribes.group.RpcMessage;5;8;1.0
org.apache.catalina.tribes.group.interceptors.DomainFilterInterceptor;22;4;0.4444444444444444
org.apache.catalina.tribes.group.interceptors.FragmentationInterceptor;38;14;0.09558823529411764
org.apache.catalina.tribes.group.interceptors.GzipInterceptor;7;4;0.0
org.apache.catalina.tribes.group.interceptors.MessageDispatch15Interceptor;15;3;0.0989010989010989
org.apache.catalina.tribes.group.interceptors.MessageDispatchInterceptor;43;26;0.15789473684210525
org.apache.catalina.tribes.group.interceptors.NonBlockingCoordinator;145;140;0.07918367346938776
org.apache.catalina.tribes.group.interceptors.OrderInterceptor;59;50;0.027692307692307693
org.apache.catalina.tribes.group.interceptors.SimpleCoordinator;16;6;0.15555555555555556
org.apache.catalina.tribes.group.interceptors.StaticMembershipInterceptor;20;17;0.08333333333333333
org.apache.catalina.tribes.group.interceptors.TcpFailureDetector;80;35;0.09420289855072464
org.apache.catalina.tribes.group.interceptors.TcpPingInterceptor;32;10;0.1282051282051282
org.apache.catalina.tribes.group.interceptors.ThroughputInterceptor;23;8;0.22857142857142856
org.apache.catalina.tribes.group.interceptors.TwoPhaseCommitInterceptor;18;22;0.25
org.apache.catalina.tribes.io.BufferPool;17;8;0.0
org.apache.catalina.tribes.io.BufferPool15Impl;9;7;0.1
org.apache.catalina.tribes.io.ChannelData;30;58;0.09956709956709957
org.apache.catalina.tribes.io.DirectByteArrayOutputStream;4;3;0.0
org.apache.catalina.tribes.io.ListenCallback;1;0;0.0
org.apache.catalina.tribes.io.ObjectReader;18;5;0.02564102564102564
org.apache.catalina.tribes.io.ReplicationStream;22;13;0.1
org.apache.catalina.tribes.io.XByteBuffer;86;61;0.16
org.apache.catalina.tribes.membership.Constants;1;0;0.0
org.apache.catalina.tribes.membership.McastService;114;85;0.027281746031746032
org.apache.catalina.tribes.membership.McastServiceImpl;113;70;0.06842105263157895
org.apache.catalina.tribes.membership.MemberImpl;63;53;0.06006006006006006
org.apache.catalina.tribes.membership.Membership;41;26;0.1978021978021978
org.apache.catalina.tribes.membership.StaticMember;10;1;0.0
org.apache.catalina.tribes.tipis.AbstractReplicatedMap;316;252;0.02857142857142857
org.apache.catalina.tribes.tipis.LazyReplicatedMap;16;22;0.0
org.apache.catalina.tribes.tipis.ReplicatedMap;6;10;0.0
org.apache.catalina.tribes.tipis.ReplicatedMapEntry;10;0;0.0
org.apache.catalina.tribes.tipis.Streamable;3;0;0.0
org.apache.catalina.tribes.transport.AbstractRxTask;11;1;0.12727272727272726
org.apache.catalina.tribes.transport.AbstractSender;64;43;0.019963702359346643
org.apache.catalina.tribes.transport.Constants;0;0;0.0
org.apache.catalina.tribes.transport.DataSender;11;0;0.0
org.apache.catalina.tribes.transport.MultiPointSender;7;0;0.0
org.apache.catalina.tribes.transport.PooledSender;37;7;0.07352941176470588
org.apache.catalina.tribes.transport.ReceiverBase;102;10;0.015574493094328533
org.apache.catalina.tribes.transport.ReplicationTransmitter;10;2;0.027777777777777776
org.apache.catalina.tribes.transport.RxTaskPool;23;3;0.07272727272727272
org.apache.catalina.tribes.transport.SenderState;13;2;0.7857142857142857
org.apache.catalina.tribes.transport.bio.BioReceiver;22;9;0.0
org.apache.catalina.tribes.transport.bio.BioReplicationTask;24;11;0.4
org.apache.catalina.tribes.transport.bio.BioSender;39;23;0.027777777777777776
org.apache.catalina.tribes.transport.bio.MultipointBioSender;28;11;0.0
org.apache.catalina.tribes.transport.bio.PooledMultiSender;5;1;0.0
org.apache.catalina.tribes.transport.bio.util.FastQueue;53;16;0.1368421052631579
org.apache.catalina.tribes.transport.bio.util.LinkObject;9;2;0.14285714285714285
org.apache.catalina.tribes.transport.bio.util.SingleRemoveSynchronizedAddLock;29;0;0.3333333333333333
org.apache.catalina.tribes.transport.nio.NioReceiver;79;33;0.21904761904761905
org.apache.catalina.tribes.transport.nio.NioReplicationTask;64;34;0.4444444444444444
org.apache.catalina.tribes.transport.nio.NioSender;74;22;0.24166666666666667
org.apache.catalina.tribes.transport.nio.ParallelNioSender;69;40;0.0
org.apache.catalina.tribes.transport.nio.PooledParallelSender;10;1;0.0
org.apache.catalina.tribes.util.Arrays;69;31;0.0
org.apache.catalina.tribes.util.ExecutorFactory;10;10;0.16666666666666666
org.apache.catalina.tribes.util.Logs;0;1;0.0
org.apache.catalina.tribes.util.StringManager;11;6;0.0
org.apache.catalina.tribes.util.UUIDGenerator;10;2;0.0
org.apache.catalina.users.AbstractGroup;12;0;0.0
org.apache.catalina.users.AbstractRole;6;0;0.0
org.apache.catalina.users.AbstractUser;17;0;0.0
org.apache.catalina.users.Constants;0;0;0.0
org.apache.catalina.users.MemoryGroup;15;2;0.5357142857142857
org.apache.catalina.users.MemoryRole;3;0;0.0
org.apache.catalina.users.MemoryUser;21;0;0.45454545454545453
org.apache.catalina.users.MemoryUserDatabase;76;51;0.13846153846153847
org.apache.catalina.users.MemoryUserDatabaseFactory;7;4;0.0
org.apache.catalina.util.Base64;35;8;0.5
org.apache.catalina.util.CharsetMapper;5;3;0.0
org.apache.catalina.util.CustomObjectInputStream;6;5;1.0
org.apache.catalina.util.DOMWriter;55;34;0.07142857142857142
org.apache.catalina.util.DateTool;4;6;0.0
org.apache.catalina.util.Enumerator;4;0;0.0
org.apache.catalina.util.Extension;45;7;0.07602339181286549
org.apache.catalina.util.ExtensionValidator;52;36;0.0
org.apache.catalina.util.HexUtils;25;19;0.0
org.apache.catalina.util.IOTools;6;0;0.0
org.apache.catalina.util.InstanceSupport;33;24;0.5
org.apache.catalina.util.LifecycleBase;44;44;0.14285714285714285
org.apache.catalina.util.LifecycleMBeanBase;22;10;0.10256410256410256
org.apache.catalina.util.LifecycleSupport;11;9;1.0
org.apache.catalina.util.MD5Encoder;3;1;0.0
org.apache.catalina.util.MIME2Java;2;2;0.0
org.apache.catalina.util.ManifestResource;25;18;0.2222222222222222
org.apache.catalina.util.ParameterMap;10;9;0.6666666666666666
org.apache.catalina.util.RequestUtil;65;24;0.0
org.apache.catalina.util.ResourceSet;8;7;0.6
org.apache.catalina.util.SchemaResolver;9;3;1.0
org.apache.catalina.util.ServerInfo;8;8;0.0
org.apache.catalina.util.Strftime;24;2;0.0
org.apache.catalina.util.StringParser;35;0;0.45054945054945056
org.apache.catalina.util.TomcatCSS;0;0;0.0
org.apache.catalina.util.URLEncoder;10;3;0.0
org.apache.catalina.util.XMLWriter;23;0;0.047619047619047616
org.apache.catalina.valves.AccessLogValve;170;64;0.058029689608636977
org.apache.catalina.valves.CometConnectionManagerValve;35;47;0.21428571428571427
org.apache.catalina.valves.Constants;0;0;0.0
org.apache.catalina.valves.ErrorReportValve;28;35;0.0
org.apache.catalina.valves.ExtendedAccessLogValve;147;70;0.042105263157894736
org.apache.catalina.valves.JDBCAccessLogValve;49;30;0.06349206349206349
org.apache.catalina.valves.PersistentValve;25;15;0.0
org.apache.catalina.valves.RemoteAddrValve;2;0;0.0
org.apache.catalina.valves.RemoteHostValve;2;0;0.0
org.apache.catalina.valves.RemoteIpValve;47;33;0.07792207792207792
org.apache.catalina.valves.RequestFilterValve;19;12;0.07142857142857142
org.apache.catalina.valves.SSLValve;10;8;0.0
org.apache.catalina.valves.SemaphoreValve;20;2;0.14285714285714285
org.apache.catalina.valves.ValveBase;23;7;0.058333333333333334
org.apache.coyote.ActionCode;1;0;0.0
org.apache.coyote.ActionHook;1;0;0.0
org.apache.coyote.Adapter;4;0;0.0
org.apache.coyote.Constants;0;3;0.0
org.apache.coyote.InputBuffer;1;0;0.0
org.apache.coyote.OutputBuffer;1;0;0.0
org.apache.coyote.Processor;3;0;0.0
org.apache.coyote.ProtocolHandler;10;0;0.0
org.apache.coyote.Request;71;17;0.018170426065162906
org.apache.coyote.RequestGroupInfo;30;32;0.17142857142857143
org.apache.coyote.RequestInfo;41;9;0.04126984126984127
org.apache.coyote.Response;77;15;0.06976744186046512
org.apache.coyote.ajp.AjpAprProcessor;175;230;0.2727272727272727
org.apache.coyote.ajp.AjpAprProtocol;100;95;0.004675628287551139
org.apache.coyote.ajp.AjpMessage;61;32;0.5138339920948617
org.apache.coyote.ajp.AjpProcessor;162;232;0.18181818181818182
org.apache.coyote.ajp.AjpProtocol;89;85;0.007058823529411765
org.apache.coyote.ajp.Constants;4;1;0.0
org.apache.coyote.http11.AbstractHttp11Processor;92;31;0.03643724696356275
org.apache.coyote.http11.AbstractHttp11Protocol;131;78;0.0023988005997001498
org.apache.coyote.http11.AbstractInputBuffer;24;10;0.3076923076923077
org.apache.coyote.http11.AbstractOutputBuffer;56;57;0.3382352941176471
org.apache.coyote.http11.Constants;0;0;0.0
org.apache.coyote.http11.Http11AprProcessor;198;265;0.2
org.apache.coyote.http11.Http11AprProtocol;166;147;0.003766478342749529
org.apache.coyote.http11.Http11NioProcessor;232;274;0.12380952380952381
org.apache.coyote.http11.Http11NioProtocol;73;76;0.0024630541871921183
org.apache.coyote.http11.Http11Processor;181;210;0.22727272727272727
org.apache.coyote.http11.Http11Protocol;49;63;0.05714285714285714
org.apache.coyote.http11.InputFilter;7;0;0.0
org.apache.coyote.http11.InternalAprInputBuffer;97;79;0.16666666666666666
org.apache.coyote.http11.InternalAprOutputBuffer;21;13;0.16666666666666666
org.apache.coyote.http11.InternalInputBuffer;79;67;0.0
org.apache.coyote.http11.InternalNioInputBuffer;119;95;0.08088235294117647
org.apache.coyote.http11.InternalNioOutputBuffer;30;15;0.07692307692307693
org.apache.coyote.http11.InternalOutputBuffer;19;10;0.23636363636363636
org.apache.coyote.http11.OutputFilter;6;0;0.0
org.apache.coyote.http11.filters.BufferedInputFilter;15;8;0.10714285714285714
org.apache.coyote.http11.filters.ChunkedInputFilter;38;10;0.38181818181818183
org.apache.coyote.http11.filters.ChunkedOutputFilter;8;7;0.0
org.apache.coyote.http11.filters.GzipOutputFilter;12;7;0.1111111111111111
org.apache.coyote.http11.filters.IdentityInputFilter;14;4;0.3611111111111111
org.apache.coyote.http11.filters.IdentityOutputFilter;12;6;0.4642857142857143
org.apache.coyote.http11.filters.SavedRequestInputFilter;10;12;0.0
org.apache.coyote.http11.filters.VoidInputFilter;7;1;0.0
org.apache.coyote.http11.filters.VoidOutputFilter;6;2;0.0
org.apache.coyote.memory.MemoryProtocolHandler;13;3;0.01282051282051282
org.apache.el.ExpressionFactoryImpl;6;4;0.0
org.apache.el.MethodExpressionImpl;14;0;0.0
org.apache.el.MethodExpressionLiteral;12;0;0.0
org.apache.el.ValueExpressionImpl;20;0;0.0
org.apache.el.ValueExpressionLiteral;22;3;0.0
org.apache.el.lang.ELArithmetic;97;12;0.0
org.apache.el.lang.ELSupport;146;86;0.0
org.apache.el.lang.EvaluationContext;10;0;0.0
org.apache.el.lang.ExpressionBuilder;36;18;0.0
org.apache.el.lang.FunctionMapperFactory;5;0;0.0
org.apache.el.lang.FunctionMapperImpl;25;1;0.0
org.apache.el.lang.VariableMapperFactory;6;0;0.0
org.apache.el.lang.VariableMapperImpl;4;0;0.0
org.apache.el.parser.ArithmeticNode;1;1;0.0
org.apache.el.parser.AstAnd;2;0;0.0
org.apache.el.parser.AstBracketSuffix;1;0;0.0
org.apache.el.parser.AstChoice;4;1;0.0
org.apache.el.parser.AstCompositeExpression;5;1;0.0
org.apache.el.parser.AstDeferredExpression;4;0;0.0
org.apache.el.parser.AstDiv;1;0;0.0
org.apache.el.parser.AstDotSuffix;1;0;0.0
org.apache.el.parser.AstDynamicExpression;4;0;0.0
org.apache.el.parser.AstEmpty;7;3;0.0
org.apache.el.parser.AstEqual;1;0;0.0
org.apache.el.parser.AstFalse;1;1;0.0
org.apache.el.parser.AstFloatingPoint;5;0;0.0
org.apache.el.parser.AstFunction;18;9;0.07142857142857142
org.apache.el.parser.AstGreaterThan;4;4;0.0
org.apache.el.parser.AstGreaterThanEqual;5;4;0.0
org.apache.el.parser.AstIdentifier;24;21;0.0
org.apache.el.parser.AstInteger;5;0;0.0
org.apache.el.parser.AstLessThan;4;4;0.0
org.apache.el.parser.AstLessThanEqual;5;4;0.0
org.apache.el.parser.AstLiteralExpression;10;1;0.0
org.apache.el.parser.AstMethodParameters;4;0;0.0
org.apache.el.parser.AstMinus;1;0;0.0
org.apache.el.parser.AstMod;1;0;0.0
org.apache.el.parser.AstMult;1;0;0.0
org.apache.el.parser.AstNegative;13;2;0.0
org.apache.el.parser.AstNot;2;1;0.0
org.apache.el.parser.AstNotEqual;1;0;0.0
org.apache.el.parser.AstNull;2;0;0.0
org.apache.el.parser.AstOr;2;0;0.0
org.apache.el.parser.AstPlus;1;0;0.0
org.apache.el.parser.AstString;11;1;0.0
org.apache.el.parser.AstTrue;1;1;0.0
org.apache.el.parser.AstValue;51;76;0.0
org.apache.el.parser.BooleanNode;1;1;0.0
org.apache.el.parser.ELParser;716;68;0.15494393476044852
org.apache.el.parser.ELParserConstants;0;0;0.0
org.apache.el.parser.ELParserTokenManager;412;14;0.31451612903225806
org.apache.el.parser.ELParserTreeConstants;0;0;0.0
org.apache.el.parser.JJTELParserState;16;1;0.4666666666666667
org.apache.el.parser.Node;17;0;0.0
org.apache.el.parser.NodeVisitor;1;0;0.0
org.apache.el.parser.ParseException;23;11;0.0
org.apache.el.parser.SimpleCharStream;61;3;0.6491228070175439
org.apache.el.parser.SimpleNode;42;10;0.09090909090909091
org.apache.el.parser.Token;5;0;0.0
org.apache.el.parser.TokenMgrError;17;0;0.0
org.apache.el.util.ConcurrentCache;5;0;0.0
org.apache.el.util.MessageFactory;7;3;0.0
org.apache.el.util.ReflectionUtil;58;31;0.0
org.apache.jasper.Constants;0;13;0.0
org.apache.jasper.EmbeddedServletOptions;115;72;0.0035650623885918
org.apache.jasper.JasperException;0;0;0.0
org.apache.jasper.JspC;253;75;0.02740138512496236
org.apache.jasper.JspCompilationContext;126;51;0.03346938775510204
org.apache.jasper.Options;30;0;0.0
org.apache.jasper.compiler.AntCompiler;63;67;0.014705882352941176
org.apache.jasper.compiler.AttributeParser;62;2;0.8
org.apache.jasper.compiler.BeanRepository;6;1;0.0
org.apache.jasper.compiler.Collector;43;19;0.5
org.apache.jasper.compiler.Compiler;77;66;0.16666666666666666
org.apache.jasper.compiler.DefaultErrorHandler;7;7;0.0
org.apache.jasper.compiler.Dumper;36;30;0.0
org.apache.jasper.compiler.ELFunctionMapper;40;39;0.0
org.apache.jasper.compiler.ELNode;33;0;0.014285714285714285
org.apache.jasper.compiler.ELParser;72;6;0.13970588235294118
org.apache.jasper.compiler.ErrorDispatcher;45;17;0.03571428571428571
org.apache.jasper.compiler.ErrorHandler;4;0;0.0
org.apache.jasper.compiler.Generator;535;463;0.021532091097308487
org.apache.jasper.compiler.ImplicitTagLibraryInfo;28;7;0.0
org.apache.jasper.compiler.JDTCompiler;66;97;0.1111111111111111
org.apache.jasper.compiler.JarResource;3;0;0.0
org.apache.jasper.compiler.JarScannerFactory;2;1;0.0
org.apache.jasper.compiler.JarURLResource;4;2;1.0
org.apache.jasper.compiler.JasperTagInfo;2;0;1.0
org.apache.jasper.compilercErrorDetail;20;7;0.0
org.apache.jasper.compiler.JspConfig;108;42;0.02631578947368421
org.apache.jasper.compiler.JspDocumentParser;203;119;0.11822660098522167
org.apache.jasper.compiler.JspReader;90;20;0.023333333333333334
org.apache.jasper.compiler.JspRuntimeContext;61;40;0.03684210526315789
org.apache.jasper.compiler.JspUtil;185;38;0.0
org.apache.jasper.compiler.Localizer;10;3;0.0
org.apache.jasper.compiler.Mark;14;22;0.2
org.apache.jasper.compiler.Node;306;33;0.00552601397143155
org.apache.jasper.compiler.PageDataImpl;97;54;0.15151515151515152
org.apache.jasper.compiler.PageInfo;121;9;0.010061668289516391
org.apache.jasper.compiler.Parser;343;96;0.6359189378057303
org.apache.jasper.compiler.ParserController;77;14;0.09090909090909091
org.apache.jasper.compiler.ScriptingVariabler;22;22;0.0
org.apache.jasper.compiler.ServletWriter;18;0;0.3333333333333333
org.apache.jasper.compiler.SmapGenerator;12;6;0.14285714285714285
org.apache.jasper.compiler.SmapStratum;40;41;0.01818181818181818
org.apache.jasper.compiler.SmapUtil;113;53;0.042328042328042326
org.apache.jasper.compiler.TagConstants;0;0;0.0
org.apache.jasper.compiler.TagFileProcessor;84;59;0.015151515151515152
org.apache.jasper.compiler.TagLibraryInfoImpl;154;84;0.009523809523809525
org.apache.jasper.compiler.TagPluginManager;38;20;0.011695906432748537
org.apache.jasper.compiler.TextOptimizer;15;9;0.1
org.apache.jasper.compiler.TldLocation;5;0;0.0
org.apache.jasper.compiler.TldLocationsCache;58;17;0.1111111111111111
org.apache.jasper.compiler.Validator;346;320;0.0036231884057971015
org.apache.jasper.compiler.WebXml;12;14;0.0
org.apache.jasper.compiler.tagplugin.TagPlugin;1;0;0.0
org.apache.jasper.compiler.tagplugin.TagPluginContext;14;0;0.0
org.apache.jasper.el.ELContextImpl;13;3;0.03571428571428571
org.apache.jasper.el.ELContextWrapper;10;0;0.0
org.apache.jasper.el.ELResolverImpl;25;14;0.0
org.apache.jasper.el.ExpressionEvaluatorImpl;4;5;0.0
org.apache.jasper.el.ExpressionImpl;1;1;0.0
org.apache.jasper.el.FunctionMapperImpl;1;0;0.0
org.apache.jasper.el.JspELException;0;2;0.0
org.apache.jasper.el.JspMethodExpression;20;0;0.0
org.apache.jasper.el.JspMethodNotFoundException;0;2;0.0
org.apache.jasper.el.JspPropertyNotFoundException;0;2;0.0
org.apache.jasper.el.JspPropertyNotWritableException;0;2;0.0
org.apache.jasper.el.JspValueExpression;29;0;0.0
org.apache.jasper.el.VariableResolverImpl;1;0;0.0
org.apache.jasper.runtime.BodyContentImpl;74;17;0.6857142857142857
org.apache.jasper.runtime.HttpJspBase;9;1;0.0
org.apache.jasper.runtime.InstanceManagerFactory;2;0;0.0
org.apache.jasper.runtime.JspApplicationContextImpl;17;4;0.0
org.apache.jasper.runtime.JspContextWrapper;76;48;0.006048387096774193
org.apache.jasper.runtime.JspFactoryImpl;24;13;0.044444444444444446
org.apache.jasper.runtime.JspFragmentHelper;3;0;0.0
org.apache.jasper.runtime.JspRuntimeLibrary;216;154;0.0
org.apache.jasper.runtime.JspSourceDependent;1;0;0.0
org.apache.jasper.runtime.JspWriterImpl;78;13;0.1830065359477124
org.apache.jasper.runtime.PageContextImpl;170;95;0.12955465587044535
org.apache.jasper.runtime.PerThreadTagHandlerPool;14;16;0.1
org.apache.jasper.runtime.ProtectedFunctionMapper;16;13;0.0
org.apache.jasper.runtime.ServletResponseWrapperInclude;4;0;0.0
org.apache.jasper.runtime.TagHandlerPool;23;13;0.2
org.apache.jasper.security.SecurityClassLoad;3;3;0.0
org.apache.jasper.security.SecurityUtil;12;5;0.0
org.apache.jasper.servlet.JasperLoader;15;3;0.0
org.apache.jasper.servlet.JspCServletContext;66;10;0.0
org.apache.jasper.servlet.JspServlet;37;35;0.022222222222222223
org.apache.jasper.servlet.JspServletWrapper;80;42;0.12418300653594772
org.apache.jasper.tagplugins.jstl.Util;51;10;0.03333333333333333
org.apache.jasper.tagplugins.jstl.core.Catch;3;5;0.0
org.apache.jasper.tagplugins.jstl.core.Choose;1;0;0.0
org.apache.jasper.tagplugins.jstl.core.ForEach;16;15;0.3333333333333333
org.apache.jasper.tagplugins.jstl.core.ForTokens;6;15;0.0
org.apache.jasper.tagplugins.jstl.core.If;6;4;0.0
org.apache.jasper.tagplugins.jstl.core.Import;11;28;0.0
org.apache.jasper.tagplugins.jstl.core.Otherwise;1;0;0.0
org.apache.jasper.tagplugins.jstl.core.Out;3;5;0.0
org.apache.jasper.tagplugins.jstl.core.Param;2;6;0.0
org.apache.jasper.tagplugins.jstl.core.Redirect;2;6;0.0
org.apache.jasper.tagplugins.jstl.core.Remove;2;3;0.0
org.apache.jasper.tagplugins.jstl.core.Set;6;14;0.0
org.apache.jasper.tagplugins.jstl.core.Url;4;11;0.0
org.apache.jasper.tagplugins.jstl.core.When;3;3;0.0
org.apache.jasper.util.Entry;6;0;0.13333333333333333
org.apache.jasper.util.Enumerator;4;0;0.0
org.apache.jasper.util.ExceptionUtils;3;0;0.0
org.apache.jasper.util.JspQueue;8;13;1.0
org.apache.jasper.xmlparser.ASCIIReader;12;2;0.0
org.apache.jasper.xmlparser.EncodingMap;6;2;0.0
org.apache.jasper.xmlparser.ParserUtils;24;31;0.0
org.apache.jasper.xmlparser.SymbolTable;24;14;0.3333333333333333
org.apache.jasper.xmlparser.TreeNode;35;6;0.24242424242424243
org.apache.jasper.xmlparser.UCSReader;32;4;0.047619047619047616
org.apache.jasper.xmlparser.UTF8Reader;84;11;0.022222222222222223
org.apache.jasper.xmlparser.XMLChar;68;0;0.13333333333333333
org.apache.jasper.xmlparser.XMLEncodingDetector;266;226;0.05517241379310345
org.apache.jasper.xmlparser.XMLString;15;3;0.16666666666666666
org.apache.jasper.xmlparser.XMLStringBuffer;10;4;0.0
org.apache.juli.AsyncFileHandler;21;6;0.06666666666666667
org.apache.juli.ClassLoaderLogManager;94;40;0.03676470588235294
org.apache.juli.FileHandler;34;9;0.32142857142857145
org.apache.juli.JdkLoggerFormatter;11;3;0.0
org.apache.juli.OneLineFormatter;7;9;0.0
org.apache.juli.VerbatimFormatter;1;3;0.0
org.apache.juli.logging.DirectJDKLog;31;35;0.0
org.apache.juli.logging.Log;18;0;0.0
org.apache.juli.logging.LogConfigurationException;2;0;0.0
org.apache.juli.logging.LogFactory;15;3;0.0
org.apache.naming.Constants;0;2;0.0
org.apache.naming.ContextAccessController;13;1;0.0
org.apache.naming.ContextBindings;36;23;0.0
org.apache.naming.EjbRef;6;3;0.0
org.apache.naming.HandlerRef;7;5;0.0
org.apache.naming.JndiPermission;0;0;0.0
org.apache.naming.NameParserImpl;1;0;0.0
org.apache.naming.NamingContext;90;137;0.39766081871345027
org.apache.naming.NamingContextBindingsEnumeration;11;12;0.0
org.apache.naming.NamingContextEnumeration;5;1;0.0
org.apache.naming.NamingEntry;4;0;0.0
org.apache.naming.NamingService;19;13;0.13333333333333333
org.apache.naming.NamingServiceMBean;6;0;0.0
org.apache.naming.ResourceEnvRef;3;3;0.0
org.apache.naming.ResourceLinkRef;4;3;0.0
org.apache.naming.ResourceRef;8;5;0.0
org.apache.naming.SelectorContext;51;35;0.023391812865497075
org.apache.naming.ServiceRef;13;5;0.0
org.apache.naming.StringManager;11;6;0.0
org.apache.naming.TransactionRef;3;3;0.0
org.apache.naming.factory.BeanFactory;34;40;0.0
org.apache.naming.factory.Constants;0;0;0.0
org.apache.naming.factory.EjbFactory;12;7;0.0
org.apache.naming.factory.MailSessionFactory;10;9;0.0
org.apache.naming.factory.OpenEjbFactory;4;3;0.0
org.apache.naming.factory.ResourceEnvFactory;10;3;0.0
org.apache.naming.factory.ResourceFactory;14;6;0.0
org.apache.naming.factory.ResourceLinkFactory;4;2;0.0
org.apache.naming.factory.SendMailFactory;5;7;0.0
org.apache.naming.factory.TransactionFactory;10;3;0.0
org.apache.naming.factory.webservices.ServiceProxy;12;12;0.0
org.apache.naming.factory.webservices.ServiceRefFactory;46;50;0.0
org.apache.namingURLContextFactory;8;7;0.0
org.apache.naming.resources.BaseDirContext;126;44;0.010101010101010102
org.apache.naming.resources.CacheEntry;2;0;1.0
org.apache.naming.resources.Constants;0;0;0.0
org.apache.naming.resources.DirContextURLConnection;62;17;0.15151515151515152
org.apache.naming.resources.DirContextURLStreamHandler;29;27;0.0
org.apache.naming.resources.DirContextURLStreamHandlerFactory;2;0;0.0
org.apache.naming.resources.FileDirContext;93;46;0.03598484848484849
org.apache.naming.resources.ImmutableNameNotFoundException;5;0;0.0
org.apache.naming.resources.ProxyDirContext;133;69;0.0106951871657754
org.apache.naming.resources.RecyclableNamingEnumeration;6;0;0.0
org.apache.naming.resources.Resource;5;0;1.0
org.apache.naming.resources.ResourceAttributes;162;40;0.5548387096774193
org.apache.naming.resources.ResourceCache;54;20;0.17647058823529413
org.apache.naming.resources.VirtualDirContext;32;14;0.14285714285714285
org.apache.naming.resources.WARDirContext;74;45;0.06206896551724138
org.apache.naming.resources.jndi.Handler;0;0;0.0
org.apache.tomcat.InstanceManager;4;0;0.0
org.apache.tomcat.JarScanner;1;0;0.0
org.apache.tomcat.JarScannerCallback;2;0;0.0
org.apache.tomcat.PeriodicEventListener;1;0;0.0
org.apache.tomcat.buildutil.Txt2Html;16;9;0.16666666666666666
org.apache.tomcat.jni.Address;8;0;0.0
org.apache.tomcat.jni.BIOCallback;4;0;0.0
org.apache.tomcat.jni.Directory;8;0;0.0
org.apache.tomcat.jni.Error;5;0;0.0
org.apache.tomcat.jni.File;42;0;0.0
org.apache.tomcat.jni.FileInfo;0;0;0.0
org.apache.tomcat.jni.Global;6;0;0.0
org.apache.tomcat.jni.Library;20;6;0.0
org.apache.tomcat.jni.Local;5;0;0.0
org.apache.tomcat.jni.Lock;9;0;0.0
org.apache.tomcat.jni.Mmap;4;0;0.0
org.apache.tomcat.jni.Multicast;5;0;0.0
org.apache.tomcat.jni.OS;8;0;0.0
org.apache.tomcat.jni.PasswordCallback;1;0;0.0
org.apache.tomcat.jni.Poll;9;0;0.0
org.apache.tomcat.jni.Pool;13;0;0.0
org.apache.tomcat.jni.PoolCallback;1;0;0.0
org.apache.tomcat.jni.Proc;7;0;0.0
org.apache.tomcat.jni.ProcErrorCallback;1;0;0.0
org.apache.tomcat.jni.Procattr;13;0;0.0
org.apache.tomcat.jni.Registry;20;0;0.0
org.apache.tomcat.jni.SSL;15;0;0.0
org.apache.tomcat.jni.SSLContext;14;0;0.0
org.apache.tomcat.jni.SSLSocket;7;0;0.0
org.apache.tomcat.jni.Shm;8;0;0.0
org.apache.tomcat.jni.Sockaddr;0;0;0.0
org.apache.tomcat.jni.Socket;37;0;0.0
org.apache.tomcat.jni.Status;54;0;0.0
org.apache.tomcat.jni.Stdlib;9;0;0.0
org.apache.tomcat.jni.Time;6;0;0.0
org.apache.tomcat.jni.User;10;0;0.0
org.apache.tomcat.util.DomUtil;51;53;0.0
org.apache.tomcat.util.ExceptionUtils;3;0;0.0
org.apache.tomcat.util.IntrospectionUtils;208;122;0.0
org.apache.tomcat.util.MutableInteger;2;0;0.0
org.apache.tomcat.util.bcel.Constants;0;0;0.0
org.apache.tomcat.util.bcel.classfile.AccessFlags;0;0;0.0
org.apache.tomcat.util.bcel.classfile.AnnotationDefault;3;1;0.0
org.apache.tomcat.util.bcel.classfile.AnnotationElementValue;5;0;0.0
org.apache.tomcat.util.bcel.classfile.AnnotationEntry;6;6;0.16666666666666666
org.apache.tomcat.util.bcel.classfile.Annotations;6;1;1.0
org.apache.tomcat.util.bcel.classfile.ArrayElementValue;10;6;1.0
org.apache.tomcat.util.bcel.classfile.Attribute;33;30;0.2857142857142857
org.apache.tomcat.util.bcel.classfile.AttributeReader;1;0;0.0
org.apache.tomcat.util.bcel.classfile.ClassElementValue;2;3;1.0
org.apache.tomcat.util.bcel.classfile.ClassFormatException;0;0;0.0
org.apache.tomcat.util.bcel.classfile.ClassParser;25;8;0.4166666666666667
org.apache.tomcat.util.bcel.classfile.Code;27;12;0.5
org.apache.tomcat.util.bcel.classfile.CodeException;7;1;0.3333333333333333
org.apache.tomcat.util.bcel.classfile.Constant;21;11;0.047619047619047616
org.apache.tomcat.util.bcel.classfile.ConstantCP;4;0;0.8333333333333334
org.apache.tomcat.util.bcel.classfile.ConstantClass;3;1;1.0
org.apache.tomcat.util.bcel.classfile.ConstantDouble;3;1;1.0
org.apache.tomcat.util.bcel.classfile.ConstantFieldref;0;1;0.0
org.apache.tomcat.util.bcel.classfile.ConstantFloat;3;1;1.0
org.apache.tomcat.util.bcel.classfile.ConstantInteger;3;1;1.0
org.apache.tomcat.util.bcel.classfile.ConstantInterfaceMethodref;0;1;0.0
org.apache.tomcat.util.bcel.classfile.ConstantLong;3;1;1.0
org.apache.tomcat.util.bcel.classfile.ConstantMethodref;0;1;0.0
org.apache.tomcat.util.bcel.classfile.ConstantNameAndType;4;1;0.8333333333333334
org.apache.tomcat.util.bcel.classfile.ConstantObject;0;0;0.0
org.apache.tomcat.util.bcel.classfile.ConstantPool;38;26;0.06666666666666667
org.apache.tomcat.util.bcel.classfile.ConstantString;3;1;1.0
org.apache.tomcat.util.bcel.classfile.ConstantUtf8;3;1;1.0
org.apache.tomcat.util.bcel.classfile.ConstantValue;9;11;0.3333333333333333
org.apache.tomcat.util.bcel.classfile.Deprecated;6;8;0.3333333333333333
org.apache.tomcat.util.bcel.classfile.ElementValue;19;0;0.0
org.apache.tomcat.util.bcel.classfile.ElementValuePair;3;3;0.3333333333333333
org.apache.tomcat.util.bcel.classfile.EnclosingMethod;2;1;0.0
org.apache.tomcat.util.bcel.classfile.EnumElementValue;3;3;1.0
org.apache.tomcat.util.bcel.classfile.ExceptionTable;10;9;1.0
org.apache.tomcat.util.bcel.classfile.Field;13;3;0.0
org.apache.tomcat.util.bcel.classfile.FieldOrMethod;5;7;0.0
org.apache.tomcat.util.bcel.classfile.InnerClass;8;6;0.3333333333333333
org.apache.tomcat.util.bcel.classfile.InnerClasses;9;4;1.0
org.apache.tomcat.util.bcel.classfileClass;37;24;0.08333333333333333
org.apache.tomcat.util.bcel.classfile.LineNumber;4;0;0.3333333333333333
org.apache.tomcat.util.bcel.classfile.LineNumberTable;11;6;1.0
org.apache.tomcat.util.bcel.classfile.LocalVariable;7;4;0.3333333333333333
org.apache.tomcat.util.bcel.classfile.LocalVariableTable;13;4;1.0
org.apache.tomcat.util.bcel.classfile.LocalVariableTypeTable;10;4;1.0
org.apache.tomcat.util.bcel.classfile.Method;19;9;0.0
org.apache.tomcat.util.bcel.classfile.PMGClass;5;7;0.2
org.apache.tomcat.util.bcel.classfile.ParameterAnnotationEntry;1;0;0.0
org.apache.tomcat.util.bcel.classfile.ParameterAnnotations;3;1;0.0
org.apache.tomcat.util.bcel.classfile.RuntimeInvisibleAnnotations;2;1;0.0
org.apache.tomcat.util.bcel.classfile.RuntimeInvisibleParameterAnnotations;1;1;0.0
org.apache.tomcat.util.bcel.classfile.RuntimeVisibleAnnotations;2;1;0.0
org.apache.tomcat.util.bcel.classfile.RuntimeVisibleParameterAnnotations;1;1;0.0
org.apache.tomcat.util.bcel.classfile.Signature;4;4;0.16666666666666666
org.apache.tomcat.util.bcel.classfile.SimpleElementValue;26;19;0.0
org.apache.tomcat.util.bcel.classfile.SourceFile;4;4;0.16666666666666666
org.apache.tomcat.util.bcel.classfile.StackMap;10;4;1.0
org.apache.tomcat.util.bcel.classfile.StackMapEntry;14;0;0.3333333333333333
org.apache.tomcat.util.bcel.classfile.StackMapTable;10;4;1.0
org.apache.tomcat.util.bcel.classfile.StackMapTableEntry;47;33;0.3333333333333333
org.apache.tomcat.util.bcel.classfile.StackMapType;16;7;0.4642857142857143
org.apache.tomcat.util.bcel.classfile.Synthetic;7;7;1.0
org.apache.tomcat.util.bcel.classfile.Unknown;10;9;0.6666666666666666
org.apache.tomcat.util.bcel.classfile.Utility;156;91;0.009523809523809525
org.apache.tomcat.util.bcel.util.BCELComparator;2;0;0.0
org.apache.tomcat.util.bcel.util.ByteSequence;2;1;0.0
org.apache.tomcat.util.buf.Ascii;32;0;0.08333333333333333
org.apache.tomcat.util.buf.B2CConverter;19;7;0.0
org.apache.tomcat.util.buf.ByteChunk;147;22;0.4799154334038055
org.apache.tomcat.util.buf.C2BConverter;27;13;0.03636363636363636
org.apache.tomcat.util.buf.CharChunk;133;19;0.5114709851551957
org.apache.tomcat.util.buf.HexUtils;3;0;0.0
org.apache.tomcat.util.buf.MessageBytes;114;45;0.5204301075268817
org.apache.tomcat.util.buf.StringCache;93;62;0.051470588235294115
org.apache.tomcat.util.buf.UDecoder;65;15;0.0
org.apache.tomcat.util.buf.UEncoder;24;24;0.0
org.apache.tomcat.util.digester.AbstractObjectCreationFactory;3;0;0.0
org.apache.tomcat.util.digester.AbstractRulesImpl;11;0;0.05555555555555555
org.apache.tomcat.util.digester.ArrayStack;14;0;0.0
org.apache.tomcat.util.digester.CallMethodRule;46;21;0.2222222222222222
org.apache.tomcat.util.digester.CallParamRule;13;2;1.0
org.apache.tomcat.util.digester.Digester;242;76;0.016840417000801924
org.apache.tomcat.util.digester.FactoryCreateRule;24;12;0.4
org.apache.tomcat.util.digester.GenericParser;3;7;0.0
org.apache.tomcat.util.digester.NodeCreateRule;23;31;0.06666666666666667
org.apache.tomcat.util.digester.ObjectCreateRule;7;5;0.3333333333333333
org.apache.tomcat.util.digester.ObjectCreationFactory;3;0;0.0
org.apache.tomcat.util.digester.ObjectParamRule;4;1;1.0
org.apache.tomcat.util.digester.ParserFeatureSetterFactory;3;0;0.0
org.apache.tomcat.util.digester.PathCallParamRule;3;0;1.0
org.apache.tomcat.util.digester.Rule;11;0;0.0
org.apache.tomcat.util.digester.RuleSet;2;0;0.0
org.apache.tomcat.util.digester.RuleSetBase;2;0;0.0
org.apache.tomcat.util.digester.Rules;8;0;0.0
org.apache.tomcat.util.digester.RulesBase;29;5;0.08333333333333333
org.apache.tomcat.util.digester.SetNextRule;6;3;0.3333333333333333
org.apache.tomcat.util.digester.SetPropertiesRule;21;21;0.3333333333333333
org.apache.tomcat.util.digester.SetPropertyRule;9;9;1.0
org.apache.tomcat.util.digester.SetRootRule;6;4;0.3333333333333333
org.apache.tomcat.util.digester.SetTopRule;6;3;0.3333333333333333
org.apache.tomcat.util.digester.WithDefaultsRulesWrapper;16;10;0.022222222222222223
org.apache.tomcat.util.digester.XercesParser;9;10;0.16666666666666666
org.apache.tomcat.util.http.AcceptLanguage;19;6;0.0
org.apache.tomcat.util.http.ContentType;12;0;0.0
org.apache.tomcat.util.http.CookieSupport;28;8;0.0
org.apache.tomcat.util.http.Cookies;89;22;0.10606060606060606
org.apache.tomcat.util.http.FastHttpDateFormat;21;16;0.2
org.apache.tomcat.util.http.HttpMessages;24;9;0.0
org.apache.tomcat.util.http.MimeHeaders;56;7;0.17647058823529413
org.apache.tomcat.util.http.Parameters;61;42;0.09523809523809523
org.apache.tomcat.util.http.ServerCookie;58;19;0.15441176470588236
org.apache.tomcat.util.http.fileupload.ByteArrayOutputStream;28;14;0.3333333333333333
org.apache.tomcat.util.http.fileupload.Closeable;2;0;0.0
org.apache.tomcat.util.http.fileupload.DeferredFileOutputStream;12;0;0.2857142857142857
org.apache.tomcat.util.http.fileupload.DiskFileItem;57;18;0.10144927536231885
org.apache.tomcat.util.http.fileupload.DiskFileItemFactory;8;1;0.3333333333333333
org.apache.tomcat.util.http.fileupload.FileCleaningTracker;19;3;0.2
org.apache.tomcat.util.http.fileupload.FileDeleteStrategy;10;0;0.0
org.apache.tomcat.util.http.fileupload.FileItem;15;0;0.0
org.apache.tomcat.util.http.fileupload.FileItemFactory;1;0;0.0
org.apache.tomcat.util.http.fileupload.FileItemHeaders;3;0;0.0
org.apache.tomcat.util.http.fileupload.FileItemHeadersImpl;7;6;0.0
org.apache.tomcat.util.http.fileupload.FileItemHeadersSupport;2;0;0.0
org.apache.tomcat.util.http.fileupload.FileItemIterator;2;0;0.0
org.apache.tomcat.util.http.fileupload.FileItemStream;5;0;0.0
org.apache.tomcat.util.http.fileupload.FileUpload;2;0;0.0
org.apache.tomcat.util.http.fileupload.FileUploadBase;102;41;0.013445378151260505
org.apache.tomcat.util.http.fileupload.FileUploadException;5;0;1.0
org.apache.tomcat.util.http.fileupload.FileUtils;25;6;0.0
org.apache.tomcat.util.http.fileupload.IOUtils;7;1;0.0
org.apache.tomcat.util.http.fileupload.LimitedInputStream;9;0;0.2
org.apache.tomcat.util.http.fileupload.MultipartStream;78;17;0.16205533596837945
org.apache.tomcat.util.http.fileupload.ParameterParser;46;5;0.21428571428571427
org.apache.tomcat.util.http.fileupload.ProgressListener;1;0;0.0
org.apache.tomcat.util.http.fileupload.RequestContext;4;0;0.0
org.apache.tomcat.util.http.fileupload.ServletFileUpload;6;3;0.0
org.apache.tomcat.util.http.fileupload.ServletRequestContext;5;4;0.0
org.apache.tomcat.util.http.fileupload.Streams;15;0;0.0
org.apache.tomcat.util.http.fileupload.ThresholdingOutputStream;15;2;0.17777777777777778
org.apache.tomcat.util.http.mapper.Mapper;246;247;0.1875
org.apache.tomcat.util.http.mapper.MappingData;1;0;0.0
org.apache.tomcat.util.log.CaptureLog;3;0;0.0
org.apache.tomcat.util.log.SystemLogHandler;39;9;0.0
org.apache.tomcat.util.modeler.AttributeInfo;19;0;0.03296703296703297
org.apache.tomcat.util.modeler.BaseAttributeFilter;10;2;1.0
org.apache.tomcat.util.modeler.BaseModelMBean;118;41;0.13227513227513227
org.apache.tomcat.util.modeler.BaseNotificationBroadcaster;18;18;0.16666666666666666
org.apache.tomcat.util.modeler.ConstructorInfo;2;0;0.0
org.apache.tomcat.util.modeler.FeatureInfo;6;0;0.0
org.apache.tomcat.util.modeler.FixedNotificationFilter;4;1;1.0
org.apache.tomcat.util.modeler.ManagedBean;67;34;0.021739130434782608
org.apache.tomcat.util.modeler.NotificationInfo;7;5;0.0
org.apache.tomcat.util.modeler.OperationInfo;17;12;0.044444444444444446
org.apache.tomcat.util.modeler.ParameterInfo;2;0;0.0
org.apache.tomcat.util.modeler.Registry;128;48;0.010582010582010581
org.apache.tomcat.util.modeler.RegistryMBean;7;0;0.0
org.apache.tomcat.util.modeler.modules.MbeansDescriptorsDOMSource;21;28;0.26666666666666666
org.apache.tomcat.util.modeler.modules.MbeansDescriptorsDigesterSource;11;5;0.23809523809523808
org.apache.tomcat.util.modeler.modules.MbeansDescriptorsIntrospectionSource;65;69;0.14545454545454545
org.apache.tomcat.util.modeler.modules.MbeansDescriptorsSerSource;12;4;0.26666666666666666
org.apache.tomcat.util.modeler.modules.MbeansSource;55;40;0.1437908496732026
org.apache.tomcat.util.modeler.modules.MbeansSourceMBean;6;0;0.0
org.apache.tomcat.util.modeler.modules.ModelerSource;8;0;0.0
org.apache.tomcat.util.net.AbstractEndpoint;128;31;0.01684981684981685
org.apache.tomcat.util.net.AprEndpoint;270;195;0.024143985952589993
org.apache.tomcat.util.net.DefaultServerSocketFactory;5;0;0.0
org.apache.tomcat.util.net.JIoEndpoint;83;37;0.0661764705882353
org.apache.tomcat.util.net.NioBlockingSelector;98;61;0.02197802197802198
org.apache.tomcat.util.net.NioChannel;33;5;0.009523809523809525
org.apache.tomcat.util.net.NioEndpoint;372;195;0.01367557332211235
org.apache.tomcat.util.net.NioSelectorPool;76;12;0.2867647058823529
org.apache.tomcat.util.net.SSLImplementation;13;4;0.0
org.apache.tomcat.util.net.SSLSessionManager;1;0;0.0
org.apache.tomcat.util.net.SSLSupport;5;0;0.0
org.apache.tomcat.util.net.SecureNioChannel;82;59;0.1341991341991342
org.apache.tomcat.util.net.ServerSocketFactory;12;2;0.0
org.apache.tomcat.util.net.SocketProperties;69;1;0.015306122448979591
org.apache.tomcat.util.net.SocketStatus;0;0;0.0
org.apache.tomcat.util.net.SocketWrapper;19;0;0.0457516339869281
org.apache.tomcat.util.net.URL;100;16;0.11764705882352941
org.apache.tomcat.util.net.jsse.JSSEFactory;3;0;0.0
org.apache.tomcat.util.net.jsse.JSSEImplementation;4;4;0.0
org.apache.tomcat.util.net.jsse.JSSEKeyManager;6;4;0.0
org.apache.tomcat.util.net.jsse.JSSESocketFactory;115;104;0.0196078431372549
org.apache.tomcat.util.net.jsse.JSSESupport;40;27;0.19444444444444445
org.apache.tomcat.util.net.jsse.NioX509KeyManager;9;4;0.047619047619047616
org.apache.tomcat.util.res.StringManager;12;6;0.0
org.apache.tomcat.util.scan.Constants;0;0;0.0
org.apache.tomcat.util.scan.StandardJarScanner;38;29;0.25
org.apache.tomcat.util.threads.ResizableExecutor;5;0;0.0
org.apache.tomcat.util.threads.TaskQueue;10;9;0.3333333333333333
org.apache.tomcat.util.threads.TaskThreadFactory;2;5;0.0
org.apache.tomcat.util.threads.ThreadPoolExecutor;10;2;0.0
org.apache.cometd.bayeux.Bayeux;12;0;0.0
org.apache.cometd.bayeux.Channel;10;0;0.0
org.apache.cometd.bayeux.Client;7;0;0.0
org.apache.cometd.bayeux.DataFilter;1;0;0.0
org.apache.cometd.bayeux.Listener;2;0;0.0
org.apache.cometd.bayeux.Message;6;0;0.0
org.apache.cometd.bayeux.SecurityPolicy;4;0;0.0
org.apache.tomcat.bayeux.BayeuxException;0;0;0.0
org.apache.tomcat.bayeux.BayeuxRequest;2;0;0.0
org.apache.tomcat.bayeux.BayeuxServlet;38;29;0.08888888888888889
org.apache.tomcat.bayeux.ChannelImpl;29;7;0.01818181818181818
org.apache.tomcat.bayeux.ClientImpl;47;13;0.036231884057971016
org.apache.tomcat.bayeux.HttpError;8;0;0.3333333333333333
org.apache.tomcat.bayeux.MessageImpl;9;5;0.3055555555555556
org.apache.tomcat.bayeux.RequestBase;53;45;0.10989010989010989
org.apache.tomcat.bayeux.RequestFactory;6;1;0.0
org.apache.tomcat.bayeux.TomcatBayeux;27;7;0.007352941176470588
org.apache.tomcat.bayeux.request.MetaConnectRequest;15;25;0.0
org.apache.tomcat.bayeux.request.MetaDisconnectRequest;8;17;0.0
org.apache.tomcat.bayeux.request.MetaHandshakeRequest;10;30;0.0
org.apache.tomcat.bayeux.request.MetaSubscribeRequest;13;20;0.0
org.apache.tomcat.bayeux.request.MetaUnsubscribeRequest;13;20;0.0
org.apache.tomcat.bayeux.request.PublishRequest;20;26;0.0
org.apache.cometd.bayeux.samples.BayeuxStockTicker;35;17;0.047619047619047616
org.apache.cometd.bayeux.samples.EchoChatClient;16;6;0.14285714285714285
org.apache.tomcat.jdbc.naming.GenericNamingResourcesFactory;44;29;0.0
org.apache.tomcat.jdbc.pool.ConnectionPool;189;118;0.021021021021021023
org.apache.tomcat.jdbc.pool.DataSource;15;9;0.2857142857142857
org.apache.tomcat.jdbc.pool.DataSourceFactory;71;79;0.0
org.apache.tomcat.jdbc.pool.DataSourceProxy;138;10;0.004095004095004095
org.apache.tomcat.jdbc.pool.FairBlockingQueue;58;13;0.019704433497536946
org.apache.tomcat.jdbc.pool.JdbcInterceptor;16;3;0.07575757575757576
org.apache.tomcat.jdbc.pool.MultiLockFairBlockingQueue;65;12;0.05161290322580645
org.apache.tomcat.jdbc.pool.PoolConfiguration;85;0;0.0
org.apache.tomcat.jdbc.pool.PoolProperties;151;17;0.016113376043486703
org.apache.tomcat.jdbc.pool.PooledConnection;105;75;0.043560606060606064
org.apache.tomcat.jdbc.pool.ProxyConnection;35;18;0.36363636363636365
org.apache.tomcat.jdbc.pool.XADataSource;0;0;0.0
org.apache.tomcat.jdbc.pool.interceptor.AbstractCreateStatementInterceptor;11;3;0.0
org.apache.tomcat.jdbc.pool.interceptor.AbstractQueryReport;42;20;0.06666666666666667
org.apache.tomcat.jdbc.pool.interceptor.ConnectionState;43;19;1.0
org.apache.tomcat.jdbc.pool.interceptor.ResetAbandonedTimer;11;1;0.0
org.apache.tomcat.jdbc.pool.interceptor.SlowQueryReport;48;30;0.07956989247311828
org.apache.tomcat.jdbc.pool.interceptor.SlowQueryReportJmx;49;17;0.13157894736842105
org.apache.tomcat.jdbc.pool.interceptor.SlowQueryReportJmxMBean;1;0;0.0
org.apache.tomcat.jdbc.pool.interceptor.StatementCache;43;22;0.12418300653594772
org.apache.tomcat.jdbc.pool.interceptor.StatementDecoratorInterceptor;39;19;0.009523809523809525
org.apache.tomcat.jdbc.pool.interceptor.StatementFinalizer;9;4;0.0
org.apache.tomcat.jdbc.pool.jmx.ConnectionPool;106;16;0.0
org.apache.tomcat.jdbc.pool.jmx.ConnectionPoolMBean;10;0;0.0
org.apache.tomcat.jdbc.pool.interceptor.TestInterceptor;4;0;0.0
org.apache.tomcat.jdbc.test.AbandonPercentageTest;7;10;0.0
org.apache.tomcat.jdbc.test.BorrowWaitTest;5;4;0.0
org.apache.tomcat.jdbc.test.CheckOutThreadTest;32;26;0.8461538461538461
org.apache.tomcat.jdbc.test.ConnectCountTest;33;31;0.21428571428571427
org.apache.tomcat.jdbc.test.CreateTestTable;14;12;0.1
org.apache.tomcat.jdbc.test.DefaultProperties;0;9;0.0
org.apache.tomcat.jdbc.test.DefaultTestCase;14;19;0.13333333333333333
org.apache.tomcat.jdbc.test.FairnessTest;31;30;0.4
org.apache.tomcat.jdbc.test.SimplePOJOAsyncExample;6;28;0.0
org.apache.tomcat.jdbc.test.SimplePOJOExample;4;25;0.0
org.apache.tomcat.jdbc.test.StarvationTest;9;12;0.0
org.apache.tomcat.jdbc.test.StatementFinalizerTest;1;3;0.0
org.apache.tomcat.jdbc.test.TestAsyncQueue;8;4;0.0
org.apache.tomcat.jdbc.test.TestConcurrency;30;24;0.0
org.apache.tomcat.jdbc.test.TestConnectionState;3;33;0.0
org.apache.tomcat.jdbc.test.TestException;3;1;0.0
org.apache.tomcat.jdbc.test.TestGCClose;2;2;0.0
org.apache.tomcat.jdbc.test.TestGetConnection;1;0;0.0
org.apache.tomcat.jdbc.test.TestInterceptorShortName;1;2;0.0
org.apache.tomcat.jdbc.test.TestSlowQueryReport;15;21;0.0
org.apache.tomcat.jdbc.test.TestStatementCache;11;17;0.0
org.apache.tomcat.jdbc.test.TestSuspectTimeout;1;3;0.0
org.apache.tomcat.jdbc.test.TestTimeout;6;0;0.0
org.apache.tomcat.jdbc.test.TwoDataSources;5;8;0.0
org.apache.tomcat.jdbc.test.driver.Connection;49;0;0.0
org.apache.tomcat.jdbc.test.driver.Driver;8;3;0.0
org.apache.tomcat.jdbc.test.driver.ResultSet;189;0;2.192982456140351E-4
org.apache.tomcat.jdbc.test.driver.Statement;208;0;0.0
org.apache.coyote.lite.LiteProtocolHandler;63;77;0.04923076923076923
org.apache.tomcat.lite.http.BaseMapper;176;141;0.02
org.apache.tomcat.lite.http.CompressFilter;34;42;0.16666666666666666
org.apache.tomcat.lite.http.ContentType;12;0;0.0
org.apache.tomcat.lite.http.DefaultHttpConnector;3;1;0.0
org.apache.tomcat.lite.http.Dispatcher;27;12;0.027777777777777776
org.apache.tomcat.lite.http.Http11Connection;271;179;0.09758454106280193
org.apache.tomcat.lite.http.HttpChannel;130;47;0.07400555041628122
org.apache.tomcat.lite.http.HttpClient;1;0;0.0
org.apache.tomcat.lite.http.HttpConnectionPool;55;37;0.03557312252964427
org.apache.tomcat.lite.http.HttpConnector;76;28;0.01757631822386679
org.apache.tomcat.lite.http.HttpMessage;79;34;0.01088534107402032
org.apache.tomcat.lite.http.HttpRequest;158;38;0.0096579476861167
org.apache.tomcat.lite.http.HttpResponse;38;5;0.20512820512820512
org.apache.tomcat.lite.http.HttpServer;2;0;0.0
org.apache.tomcat.lite.http.HttpWriter;35;1;0.16666666666666666
org.apache.tomcat.lite.http.MappingData;3;1;1.0
org.apache.tomcat.lite.http.MultiMap;56;11;0.08
org.apache.tomcat.lite.http.ServerCookie;143;19;0.12183908045977011
org.apache.tomcat.lite.http.SpdyConnection;107;60;0.05138339920948617
org.apache.tomcat.lite.io.BBucket;8;0;0.0
org.apache.tomcat.lite.io.BBuffer;193;22;0.4692982456140351
org.apache.tomcat.lite.io.BufferedIOReader;82;9;0.36363636363636365
org.apache.tomcat.lite.io.CBucket;122;7;0.7666666666666667
org.apache.tomcat.lite.io.CBuffer;58;20;0.0
org.apache.tomcat.lite.io.DumpChannel;23;5;0.10714285714285714
org.apache.tomcat.lite.io.FastHttpDateFormat;21;16;0.2
org.apache.tomcat.lite.io.FileConnector;2;0;0.0
org.apache.tomcat.lite.io.FileConnectorJavaIo;5;2;0.16666666666666666
org.apache.tomcat.lite.io.FutureCallbacks;24;2;0.04395604395604396
org.apache.tomcat.lite.io.Hex;35;4;0.0
org.apache.tomcat.lite.io.IOBuffer;128;18;0.09090909090909091
org.apache.tomcat.lite.io.IOChannel;57;7;0.034482758620689655
org.apache.tomcat.lite.io.IOConnector;9;0;0.03571428571428571
org.apache.tomcat.lite.io.IOInputStream;12;5;0.0
org.apache.tomcat.lite.io.IOOutputStream;34;2;0.2727272727272727
org.apache.tomcat.lite.io.IOReader;47;20;0.15555555555555556
org.apache.tomcat.lite.io.IOWriter;34;11;0.16666666666666666
org.apache.tomcat.lite.io.MemoryIOConnector;12;2;0.09523809523809523
org.apache.tomcat.lite.io.NioChannel;29;3;0.04678362573099415
org.apache.tomcat.lite.io.NioThread;193;147;0.1721194879089616
org.apache.tomcat.lite.io.SocketConnector;14;1;0.027777777777777776
org.apache.tomcat.lite.io.SocketIOChannel;50;11;0.14285714285714285
org.apache.tomcat.lite.io.SslProvider;2;0;0.0
org.apache.tomcat.lite.io.UrlEncoding;33;20;0.0
org.apache.tomcat.lite.io.WrappedException;0;0;0.0
org.apache.tomcat.lite.io.jsse.JsseSslProvider;56;28;0.012096774193548387
org.apache.tomcat.lite.io.jsse.SslChannel;109;72;0.14035087719298245
org.apache.tomcat.lite.proxy.CopyCallback;9;2;0.0
org.apache.tomcat.lite.proxy.HttpProxyService;34;39;0.0
org.apache.tomcat.lite.proxy.ProxyFlushedCallback;3;0;0.0
org.apache.tomcat.lite.proxy.SocksServer;62;34;0.11578947368421053
org.apache.tomcat.lite.proxy.StaticContentService;14;5;0.3333333333333333
org.apache.tomcat.lite.service.IOStatus;3;9;0.0
org.apache.tomcat.lite.service.LogConfig;5;8;0.0
org.apache.tomcat.lite.util.FastHttpDateFormat;21;16;0.2
org.apache.tomcat.lite.util.LocaleParser;50;4;0.4666666666666667
org.apache.tomcat.lite.util.MimeMap;11;1;0.0
org.apache.tomcat.lite.util.Range;19;9;0.16666666666666666
org.apache.tomcat.lite.util.URLEncoder;38;16;0.0
org.apache.tomcat.lite.util.UrlUtils;12;0;0.0
org.apache.coyote.lite.ServletTests;7;5;0.0
org.apache.coyote.lite.Tomcat;66;52;0.03870967741935484
org.apache.coyote.lite.TomcatLiteCoyoteTest;1;5;0.0
org.apache.coyote.lite.TomcatStandaloneMain;5;5;0.0
org.apache.tomcat.lite.TestMain;32;30;0.008333333333333333
org.apache.tomcat.lite.http.ClientTest;5;3;0.0
org.apache.tomcat.lite.http.CompressFilterTest;12;4;0.0
org.apache.tomcat.lite.http.DispatcherTest;1;2;0.0
org.apache.tomcat.lite.http.HttpChannelInMemoryTest;22;17;0.006535947712418301
org.apache.tomcat.lite.http.HttpChannelTest;8;3;0.14285714285714285
org.apache.tomcat.lite.http.HttpsTest;7;4;0.0
org.apache.tomcat.lite.http.LiveHttp1Test;13;7;0.45454545454545453
org.apache.tomcat.lite.http.MultiMapTest;4;10;0.0
org.apache.tomcat.lite.http.SpdyTest;6;23;0.4
org.apache.tomcat.lite.http.services.EchoCallback;1;6;0.0
org.apache.tomcat.lite.http.services.SleepCallback;5;2;1.0
org.apache.tomcat.lite.io.BBufferTest;9;3;0.10714285714285714
org.apache.tomcat.lite.io.CBufferTest;3;0;0.0
org.apache.tomcat.lite.io.OneTest;3;1;0.0
org.apache.tomcat.lite.io.SocksTest;2;0;0.0
org.apache.tomcat.lite.io.UEncoderTest;2;0;0.0
org.apache.tomcat.lite.load.LiveHttp5Test;4;1;0.0
org.apache.tomcat.lite.load.LiveHttpThreadedTest;33;10;0.08947368421052632
org.apache.tomcat.lite.load.MicroTest;4;2;0.0
org.apache.tomcat.lite.load.ThreadRunner;9;0;0.0
org.apache.tomcat.lite.proxy.LiveProxyHttp1Test;1;0;0.0
org.apache.tomcat.lite.proxy.ProxyTest;11;1;0.18181818181818182
org.apache.tomcat.lite.proxy.SmallProxyTest;7;4;0.0
org.apache.tomcat.lite.util.UEncoderTest;1;0;0.0
org.apache.tomcat.test.watchdog.AntProperties;15;2;0.0
org.apache.tomcat.test.watchdog.CookieController;87;28;0.0
org.apache.tomcat.test.watchdog.DynamicObject;78;74;0.0
org.apache.tomcat.test.watchdog.HttpCookie;40;11;0.32967032967032966
org.apache.tomcat.test.watchdog.RfcDateParser;9;4;1.0
org.apache.tomcat.test.watchdog.WatchdogClient;30;15;0.03571428571428571
org.apache.tomcat.test.watchdog.WatchdogHttpClient;58;47;0.06666666666666667
org.apache.tomcat.test.watchdog.WatchdogTestCase;12;13;0.0
org.apache.tomcat.test.watchdog.WatchdogTestImpl;142;36;0.025525525525525526
javax.servlet.jsp.TestPageContext;1;1;0.0
org.apache.catalina.connector.TestCoyoteAdapter;15;9;0.0
org.apache.catalina.connector.TestKeepAliveCount;10;1;0.14285714285714285
org.apache.catalina.connector.TestRequest;21;37;0.022222222222222223
org.apache.catalina.core.TestAsyncContextImpl;9;6;0.0
org.apache.catalina.core.TestNamingContextListener;5;5;0.3333333333333333
org.apache.catalina.core.TestStandardContext;7;4;0.0
org.apache.catalina.core.TestStandardContextAliases;7;6;0.0
org.apache.catalina.core.TestStandardContextResources;10;9;0.0
org.apache.catalina.deploy.TestSecurityConstraint;10;31;0.0
org.apache.catalina.deploy.TestWebXml;6;51;0.0
org.apache.catalina.deploy.TestWebXmlOrdering;15;10;1.0
org.apache.catalina.filters.TestRemoteIpFilter;26;97;0.017316017316017316
org.apache.catalina.ha.session.TestSerializablePrincipal;8;6;0.0
org.apache.catalina.ha.session.TesterPrincipal;1;0;0.0
org.apache.catalina.loader.TestVirtualWebappLoader;2;13;0.0
org.apache.catalina.loader.TestWebappClassLoaderMemoryLeak;11;4;0.0
org.apache.catalina.mbeans.TestRegistration;5;3;0.0
org.apache.catalina.startup.DuplicateMappingParamFilter;3;0;0.0
org.apache.catalina.startup.DuplicateMappingParamServlet;1;1;0.0
org.apache.catalina.startup.NoMappingParamServlet;1;1;0.0
org.apache.catalina.startup.ParamFilter;3;4;0.0
org.apache.catalina.startup.ParamServlet;1;1;0.0
org.apache.catalina.startup.SimpleHttpClient;25;3;0.0915032679738562
org.apache.catalina.startup.TestContextConfigAnnotation;11;48;0.0
org.apache.catalina.startup.TestTomcat;20;19;0.0
org.apache.catalina.startup.TestTomcatSSL;27;21;0.038461538461538464
org.apache.catalina.startup.TomcatBaseTest;21;17;0.1388888888888889
org.apache.catalina.tribes.demos.ChannelCreator;38;32;0.0
org.apache.catalina.tribes.demos.CoordinationDemo;73;34;0.16205533596837945
org.apache.catalina.tribes.demos.EchoRpcTest;28;17;0.1
org.apache.catalina.tribes.demos.IntrospectionUtils;206;122;0.0
org.apache.catalina.tribes.demos.LoadTest;65;27;0.0380952380952381
org.apache.catalina.tribes.demos.MapDemo;78;81;0.005847953216374269
org.apache.catalina.tribes.demos.MembersWithProperties;12;9;0.0
org.apache.catalina.tribes.test.NioSenderTest;11;9;0.3
org.apache.catalina.tribes.test.TribesTestSuite;1;14;0.0
org.apache.catalina.tribes.test.channel.TestChannelOptionFlag;10;10;0.16666666666666666
org.apache.catalina.tribes.test.channel.TestChannelStartStop;20;24;0.0
org.apache.catalina.tribes.test.channel.TestDataIntegrity;37;45;0.10606060606060606
org.apache.catalina.tribes.test.channel.TestMulticastPackages;44;72;0.06593406593406594
org.apache.catalina.tribes.test.channel.TestRemoteProcessException;17;26;0.03571428571428571
org.apache.catalina.tribes.test.channel.TestUdpPackages;53;91;0.06666666666666667
org.apache.catalina.tribes.test.interceptors.TestNonBlockingCoordinator;21;4;0.6666666666666666
org.apache.catalina.tribes.test.interceptors.TestOrderInterceptor;26;17;0.3055555555555556
org.apache.catalina.tribes.test.io.TestSenderConnections;17;10;0.2777777777777778
org.apache.catalina.tribes.test.io.TestSerialization;4;0;0.0
org.apache.catalina.tribes.test.membership.TestDomainFilter;20;15;0.23809523809523808
org.apache.catalina.tribes.test.membership.TestMemberArrival;20;16;0.23809523809523808
org.apache.catalina.tribes.test.membership.TestMemberSerialization;10;31;0.26666666666666666
org.apache.catalina.tribes.test.membership.TestTcpFailureDetector;16;26;0.07142857142857142
org.apache.catalina.tribes.test.transport.SocketNioReceive;8;6;0.6666666666666666
org.apache.catalina.tribes.test.transport.SocketNioSend;9;12;0.0
org.apache.catalina.tribes.test.transport.SocketNioValidateSend;9;7;0.0
org.apache.catalina.tribes.test.transport.SocketReceive;10;3;0.3333333333333333
org.apache.catalina.tribes.test.transport.SocketSend;4;9;0.0
org.apache.catalina.tribes.test.transport.SocketTribesReceive;13;4;0.3333333333333333
org.apache.catalina.tribes.test.transport.SocketValidateReceive;16;4;0.5
org.apache.catalina.util.TestRequestUtil;4;0;0.0
org.apache.catalina.util.TestServerInfo;1;0;0.0
org.apache.catalina.valves.Benchmarks;66;43;0.0
org.apache.catalina.valves.TestRemoteIpValve;25;186;0.0
org.apache.coyote.http11.TestInternalInputBuffer;10;8;0.0
org.apache.el.TestELEvaluation;17;4;0.0
org.apache.el.TestELInJsp;13;12;0.0
org.apache.el.TestMethodExpressionImpl;30;36;1.0
org.apache.el.TestValueExpressionImpl;2;15;0.0
org.apache.el.TesterBeanA;4;0;0.3333333333333333
org.apache.el.TesterBeanAA;0;0;0.0
org.apache.el.TesterBeanAAA;0;0;0.0
org.apache.el.TesterBeanB;3;0;1.0
org.apache.el.TesterBeanBB;2;0;1.0
org.apache.el.TesterBeanBBB;0;0;0.0
org.apache.el.TesterBeanC;6;9;0.0
org.apache.el.TesterFunctions;1;0;0.0
org.apache.el.lang.TestELSupport;16;10;0.0
org.apache.el.parser.TestELParser;2;2;0.0
org.apache.jasper.compiler.TestAttributeParser;13;6;0.0
org.apache.jasper.compiler.TestGenerator;19;8;0.016666666666666666
org.apache.jasper.compiler.TestJspConfig;4;4;0.0
org.apache.jasper.compiler.TestJspDocumentParser;4;2;0.0
org.apache.jasper.compiler.TestParser;4;3;0.0
org.apache.jasper.compiler.TestScriptingVariabler;7;6;0.0
org.apache.jasper.compiler.TestValidator;10;5;0.10714285714285714
org.apache.tomcat.util.buf.TestByteChunk;6;12;0.0
org.apache.tomcat.util.http.CookiesBaseTest;4;1;0.0
org.apache.tomcat.util.http.TestBug49158;3;5;0.3333333333333333
org.apache.tomcat.util.http.TestCookies;37;28;0.0
org.apache.tomcat.util.http.TestCookiesAllowEquals;5;4;0.0
org.apache.tomcat.util.http.TestCookiesAllowHttpSeps;5;4;0.0
org.apache.tomcat.util.http.TestCookiesDefaultSysProps;2;1;0.0
org.apache.tomcat.util.http.TestCookiesDisallowEquals;5;3;0.0
org.apache.tomcat.util.http.TestCookiesNoFwdStrictSysProps;1;2;0.0
org.apache.tomcat.util.http.TestCookiesNoStrictNamingSysProps;1;2;0.0
org.apache.tomcat.util.http.TestCookiesStrictSysProps;2;2;0.0
org.apache.tomcat.util.res.TestStringManager;3;5;0.0
