name,wmc,atfd,tcc,gc
net.sourceforge.ganttproject.ChartComponentBase,94,22,0.004371584699453552,1
net.sourceforge.ganttproject.CustomProperty,3,0,0.0,0
net.sourceforge.ganttproject.CustomPropertyDefinition,6,0,0.0,0
net.sourceforge.ganttproject.CustomPropertyHolder,2,0,0.0,0
net.sourceforge.ganttproject.CustomPropertyManager,28,13,0.0,0
net.sourceforge.ganttproject.ErrorNotifier,3,2,0.0,0
net.sourceforge.ganttproject.FacadeInvalidator,9,0,0.5833333333333334,0
net.sourceforge.ganttproject.GPLogger,12,11,0.1,0
net.sourceforge.ganttproject.GPToolBar,8,8,0.0,0
net.sourceforge.ganttproject.GPTreeTableBase,25,22,0.03571428571428571,0
net.sourceforge.ganttproject.GPVersion,0,0,0.0,0
net.sourceforge.ganttproject.GPView,2,0,0.0,0
net.sourceforge.ganttproject.GPViewManager,4,0,0.0,0
net.sourceforge.ganttproject.GanttCalendar,46,36,0.0064516129032258064,0
net.sourceforge.ganttproject.GanttCalendarDays,4,0,0.0,0
net.sourceforge.ganttproject.GanttChartTabContentPanel,15,36,0.06666666666666667,0
net.sourceforge.ganttproject.GanttExportSettings,6,0,0.2,0
net.sourceforge.ganttproject.GanttGraphicArea,211,164,0.004113924050632912,1
net.sourceforge.ganttproject.GanttImagePanel,2,0,0.0,0
net.sourceforge.ganttproject.GanttOptions,291,153,0.03483817769532055,1
net.sourceforge.ganttproject.GanttPreviousState,31,35,0.20512820512820512,0
net.sourceforge.ganttproject.GanttPreviousStateTask,15,3,0.044444444444444446,0
net.sourceforge.ganttproject.GanttProject,419,522,0.004186346071275226,1
net.sourceforge.ganttproject.GanttProjectBase,86,37,4.662004662004662,0
net.sourceforge.ganttproject.GanttProjectImpl,36,9,0.0142602495543672,0
net.sourceforge.ganttproject.GanttResourcePanel,101,109,0.003770739064856712,1
net.sourceforge.ganttproject.GanttSplash,7,12,0.06666666666666667,0
net.sourceforge.ganttproject.GanttTask,5,2,0.0,0
net.sourceforge.ganttproject.GanttTaskRelationship,21,8,0.32051282051282054,0
net.sourceforge.ganttproject.GanttTree2,371,410,0.010194902548725637,1
net.sourceforge.ganttproject.GanttTreeTable,200,259,0.0038948393378773127,1
net.sourceforge.ganttproject.GanttTreeTableModel,104,55,0.012096774193548387,1
net.sourceforge.ganttproject.GanttViewer,1,1,0.0,0
net.sourceforge.ganttproject.IGanttProject,31,0,0.0,0
net.sourceforge.ganttproject.Mediator,11,0,0.07272727272727272,0
net.sourceforge.ganttproject.OSXAdapter,8,6,0.16666666666666666,0
net.sourceforge.ganttproject.PluginOptionsHandler,4,2,1.0,0
net.sourceforge.ganttproject.PluginPreferencesImpl,37,2,0.011396011396011397,0
net.sourceforge.ganttproject.PreferenceServiceImpl,19,0,0.0,0
net.sourceforge.ganttproject.PrjInfos,4,0,0.0,0
net.sourceforge.ganttproject.ProjectEventListener,3,0,0.0,0
net.sourceforge.ganttproject.ResourceChartTabContentPanel,6,10,0.0,0
net.sourceforge.ganttproject.ResourceLoadGraphicArea,42,18,0.0,0
net.sourceforge.ganttproject.ResourceTreeImageGenerator,17,37,0.0,0
net.sourceforge.ganttproject.ResourceTreeTable,101,152,8.163265306122449,0
net.sourceforge.ganttproject.ResourceTreeTableModel,95,52,0.06190476190476191,1
net.sourceforge.ganttproject.TaskContainmentHierarchyFacadeImpl,31,25,0.0,0
net.sourceforge.ganttproject.TaskModelModificationListener,8,9,0.0,0
net.sourceforge.ganttproject.TaskTreeImageGenerator,26,32,0.09523809523809523,0
net.sourceforge.ganttproject.TreeTableCellEditorImpl,11,3,0.022222222222222223,0
net.sourceforge.ganttproject.UIFacadeImpl,66,67,0.005398110661268556,1
net.sourceforge.ganttproject.action.AddBlankLineAction,5,1,0.0,0
net.sourceforge.ganttproject.action.CalculateCriticalPathAction,11,7,0.0,0
net.sourceforge.ganttproject.action.CancelAction,0,0,0.0,0
net.sourceforge.ganttproject.action.DeleteAssignmentAction,13,10,0.0,0
net.sourceforge.ganttproject.action.DeleteHumanAction,13,11,0.0,0
net.sourceforge.ganttproject.action.GPAction,28,10,0.02197802197802198,0
net.sourceforge.ganttproject.action.ImportResources,7,9,0.3333333333333333,0
net.sourceforge.ganttproject.action.NewArtefactAction,4,1,0.0,0
net.sourceforge.ganttproject.action.NewHumanAction,4,6,0.0,0
net.sourceforge.ganttproject.action.NewTaskAction,5,7,0.0,0
net.sourceforge.ganttproject.action.OkAction,0,0,0.0,0
net.sourceforge.ganttproject.action.RedoAction,6,0,0.0,0
net.sourceforge.ganttproject.action.RefreshViewAction,4,6,0.0,0
net.sourceforge.ganttproject.action.ResourceAction,2,1,0.0,0
net.sourceforge.ganttproject.action.ResourceActionSet,3,2,1.0,0
net.sourceforge.ganttproject.action.RolloverAction,3,0,0.0,0
net.sourceforge.ganttproject.action.ScrollGanttChartLeftAction,3,0,0.0,0
net.sourceforge.ganttproject.action.ScrollGanttChartRightAction,3,0,0.0,0
net.sourceforge.ganttproject.action.SwitchViewAction,1,8,0.0,0
net.sourceforge.ganttproject.action.UndoAction,6,0,0.0,0
net.sourceforge.ganttproject.action.ZoomInAction,5,0,0.0,0
net.sourceforge.ganttproject.action.ZoomOutAction,6,0,0.0,0
net.sourceforge.ganttproject.action.project.ExitAction,4,3,0.0,0
net.sourceforge.ganttproject.action.project.NewProjectAction,3,3,0.0,0
net.sourceforge.ganttproject.action.project.OpenProjectAction,4,3,0.0,0
net.sourceforge.ganttproject.action.project.OpenURLAction,5,0,0.0,0
net.sourceforge.ganttproject.action.project.PrintAction,3,3,0.0,0
net.sourceforge.ganttproject.action.project.ProjectMenu,8,0,0.0,0
net.sourceforge.ganttproject.action.project.SaveProjectAction,8,3,0.0,0
net.sourceforge.ganttproject.action.project.SaveProjectAsAction,4,0,0.0,0
net.sourceforge.ganttproject.action.project.SaveURLAction,4,0,0.0,0
net.sourceforge.ganttproject.action.resource.ResourcePropertiesAction,11,8,0.03571428571428571,0
net.sourceforge.ganttproject.action.task.LinkTasksAction,6,2,0.0,0
net.sourceforge.ganttproject.action.task.TaskActionBase,9,1,0.047619047619047616,0
net.sourceforge.ganttproject.action.task.TaskPropertiesAction,7,8,0.0,0
net.sourceforge.ganttproject.action.task.UnlinkTasksAction,5,2,0.0,0
net.sourceforge.ganttproject.application.MainApplication,2,1,0.0,0
net.sourceforge.ganttproject.calendar.AlwaysWorkingTimeCalendarImpl,17,5,0.0,0
net.sourceforge.ganttproject.calendar.CalendarActivityImpl,5,0,0.16666666666666666,0
net.sourceforge.ganttproject.calendar.CalendarFactory,1,0,0.0,0
net.sourceforge.ganttproject.calendar.GPCalendar,13,0,0.0,0
net.sourceforge.ganttproject.calendar.GPCalendarActivity,3,0,0.0,0
net.sourceforge.ganttproject.calendar.GPCalendarBase,8,7,0.0,0
net.sourceforge.ganttproject.calendar.GanttDaysOff,18,11,0.2857142857142857,0
net.sourceforge.ganttproject.calendar.WeekendCalendarImpl,40,28,0.04395604395604396,0
net.sourceforge.ganttproject.calendar.XMLCalendarOpen,29,10,0.01282051282051282,0
net.sourceforge.ganttproject.chart.BackgroundRendererImpl,1,2,0.0,0
net.sourceforge.ganttproject.chart.BottomUnitLineRendererImpl,17,23,0.0,0
net.sourceforge.ganttproject.chart.Chart,16,0,0.0,0
net.sourceforge.ganttproject.chart.ChartGridImpl,25,25,0.24444444444444444,0
net.sourceforge.ganttproject.chart.ChartHeader,0,0,0.0,0
net.sourceforge.ganttproject.chart.ChartHeaderImpl,11,14,0.08333333333333333,0
net.sourceforge.ganttproject.chart.ChartModel,16,0,0.0,0
net.sourceforge.ganttproject.chart.ChartModelBase,128,98,0.017706237424547282,1
net.sourceforge.ganttproject.chart.ChartModelImpl,66,51,0.016042780748663103,1
net.sourceforge.ganttproject.chart.ChartModelResource,13,4,0.0,0
net.sourceforge.ganttproject.chart.ChartOptionGroup,1,0,0.0,0
net.sourceforge.ganttproject.chart.ChartRendererBase,9,0,0.05555555555555555,0
net.sourceforge.ganttproject.chart.ChartSelection,8,0,0.0,0
net.sourceforge.ganttproject.chart.ChartSelectionListener,1,0,0.0,0
net.sourceforge.ganttproject.chart.ChartUIConfiguration,31,16,0.010752688172043012,0
net.sourceforge.ganttproject.chart.ChartViewState,24,10,0.007352941176470588,0
net.sourceforge.ganttproject.chart.DayTypeAlternance,5,2,0.16666666666666666,0
net.sourceforge.ganttproject.chart.DependencyInteractionRenderer,7,2,0.6666666666666666,0
net.sourceforge.ganttproject.chart.GanttChart,1,0,0.0,0
net.sourceforge.ganttproject.chart.GraphicPrimitiveContainer,44,22,0.03225806451612903,0
net.sourceforge.ganttproject.chart.LabelPositionOptionImpl,5,0,0.3333333333333333,0
net.sourceforge.ganttproject.chart.OffsetCalculatorImpl,13,6,0.0,0
net.sourceforge.ganttproject.chart.OptionsDialogAction,11,5,0.2,0
net.sourceforge.ganttproject.chart.Painter,2,0,0.0,0
net.sourceforge.ganttproject.chart.PublicHolidayDialogAction,6,9,0.0,0
net.sourceforge.ganttproject.chart.RegularFrameOffsetBuilder,18,3,0.03571428571428571,0
net.sourceforge.ganttproject.chart.RenderedChartImage,5,13,0.16666666666666666,0
net.sourceforge.ganttproject.chart.RenderedGanttChartImage,2,1,0.0,0
net.sourceforge.ganttproject.chart.RenderedResourceChartImage,1,0,0.0,0
net.sourceforge.ganttproject.chart.ResourceChart,1,0,0.0,0
net.sourceforge.ganttproject.chart.ResourceLoadRenderer,47,41,0.01282051282051282,1
net.sourceforge.ganttproject.chart.ResourcesRendererImpl,11,6,0.0,0
net.sourceforge.ganttproject.chart.SimpleRenderedImage,49,40,0.021164021164021163,1
net.sourceforge.ganttproject.chart.SkewedFrameOffsetBuilder,11,7,0.027777777777777776,0
net.sourceforge.ganttproject.chart.StyledPainterImpl,79,348,0.1,1
net.sourceforge.ganttproject.chart.TaskGridRendererImpl,9,2,0.0,0
net.sourceforge.ganttproject.chart.TaskInteractionHintRenderer,6,3,0.5,0
net.sourceforge.ganttproject.chart.TaskRendererImpl,191,249,0.0425531914893617,1
net.sourceforge.ganttproject.chart.TestChart,17,0,0.0,0
net.sourceforge.ganttproject.chart.TimeUnitVisitor,9,0,0.0,0
net.sourceforge.ganttproject.chart.ToggleChartAction,4,5,0.0,0
net.sourceforge.ganttproject.chart.VisibleNodesFilter,7,7,0.0,0
net.sourceforge.ganttproject.chart.item.ChartItem,1,0,0.0,0
net.sourceforge.ganttproject.chart.item.TaskBoundaryChartItem,1,0,0.0,0
net.sourceforge.ganttproject.chart.item.TaskProgressChartItem,1,0,0.0,0
net.sourceforge.ganttproject.chart.item.TaskRegularAreaChartItem,0,0,0.0,0
net.sourceforge.ganttproject.delay.Delay,3,0,0.3333333333333333,0
net.sourceforge.ganttproject.delay.DelayManager,22,15,0.030303030303030304,0
net.sourceforge.ganttproject.delay.DelayObserver,1,0,0.0,0
net.sourceforge.ganttproject.document.AbstractDocument,12,0,0.0,0
net.sourceforge.ganttproject.document.AbstractURLDocument,1,0,0.0,0
net.sourceforge.ganttproject.document.Document,20,0,0.0,0
net.sourceforge.ganttproject.document.DocumentCreator,26,4,0.01904761904761905,0
net.sourceforge.ganttproject.document.DocumentManager,13,0,0.0,0
net.sourceforge.ganttproject.document.DocumentsMRU,13,2,0.16666666666666666,0
net.sourceforge.ganttproject.document.FileDocument,16,2,0.015151515151515152,0
net.sourceforge.ganttproject.document.FtpDocument,20,11,0.0,0
net.sourceforge.ganttproject.document.HttpDocument,61,33,0.08187134502923976,1
net.sourceforge.ganttproject.document.HttpDocumentOutputStream,2,2,0.0,0
net.sourceforge.ganttproject.document.NetworkOptionPageProvider,20,27,0.0,0
net.sourceforge.ganttproject.document.OpenDocumentAction,3,26,0.0,0
net.sourceforge.ganttproject.document.Portfolio,1,0,0.0,0
net.sourceforge.ganttproject.document.ProxyDocument,50,30,0.006048387096774193,1
net.sourceforge.ganttproject.export.CommandLineExportApplication,16,13,0.0,0
net.sourceforge.ganttproject.export.ConsoleUIFacade,27,6,0.0,0
net.sourceforge.ganttproject.export.DeprecatedProjectExportData,0,0,0.0,0
net.sourceforge.ganttproject.export.ExportException,0,0,0.0,0
net.sourceforge.ganttproject.export.ExportFileAction,3,0,0.0,0
net.sourceforge.ganttproject.export.ExportFileWizardImpl,20,13,0.03636363636363636,0
net.sourceforge.ganttproject.export.ExportFinalizationJob,1,0,0.0,0
net.sourceforge.ganttproject.export.Exporter,9,0,0.0,0
net.sourceforge.ganttproject.export.ExporterChooserPage,12,13,0.16666666666666666,0
net.sourceforge.ganttproject.export.ExporterToCSV,11,1,0.08888888888888889,0
net.sourceforge.ganttproject.export.ExporterToImage,19,6,0.009523809523809525,0
net.sourceforge.ganttproject.export.FileChooserPage,24,24,0.03571428571428571,0
net.sourceforge.ganttproject.export.TaskVisitor,4,1,0.0,0
net.sourceforge.ganttproject.export.WebPublisher,26,17,0.0,0
net.sourceforge.ganttproject.filter.ExtensionBasedFileFilter,8,2,0.0,0
net.sourceforge.ganttproject.filter.GanttCSVFilter,8,2,0.0,0
net.sourceforge.ganttproject.filter.GanttHTMLFileFilter,3,1,0.0,0
net.sourceforge.ganttproject.filter.GanttJPGFileFilter,3,1,0.0,0
net.sourceforge.ganttproject.filter.GanttMSProjectLFileFilter,0,0,0.0,0
net.sourceforge.ganttproject.filter.GanttPDFFileFilter,3,1,0.0,0
net.sourceforge.ganttproject.filter.GanttPNGFileFilter,3,1,0.0,0
net.sourceforge.ganttproject.filter.GanttTXTFileFilter,8,2,0.0,0
net.sourceforge.ganttproject.filter.GanttXFIGFileFilter,3,1,0.0,0
net.sourceforge.ganttproject.filter.GanttXMLFileFilter,0,0,0.0,0
net.sourceforge.ganttproject.filter.GanttXSLFileFilter,3,1,0.0,0
net.sourceforge.ganttproject.font.Fonts,0,22,0.0,0
net.sourceforge.ganttproject.gui.DateIntervalListEditor,31,25,0.0,0
net.sourceforge.ganttproject.gui.DialogAligner,5,14,0.0,0
net.sourceforge.ganttproject.gui.FileChooserPageBase,17,10,0.01818181818181818,0
net.sourceforge.ganttproject.gui.GTextField,14,4,0.0,0
net.sourceforge.ganttproject.gui.GanttCellListRenderer,3,3,0.0,0
net.sourceforge.ganttproject.gui.GanttDialogCalendar,3,15,0.0,0
net.sourceforge.ganttproject.gui.GanttDialogCustomColumn,37,54,0.030303030303030304,0
net.sourceforge.ganttproject.gui.GanttDialogDate,7,13,0.1,0
net.sourceforge.ganttproject.gui.GanttDialogInfo,10,10,0.0,0
net.sourceforge.ganttproject.gui.GanttDialogPerson,26,27,0.009523809523809525,0
net.sourceforge.ganttproject.gui.GanttDialogProperties,6,3,0.0,0
net.sourceforge.ganttproject.gui.GanttDialogPublicHoliday,4,3,0.0,0
net.sourceforge.ganttproject.gui.GanttLookAndFeelInfo,1,2,0.0,0
net.sourceforge.ganttproject.gui.GanttLookAndFeels,12,12,0.0,0
net.sourceforge.ganttproject.gui.GanttMetalTheme,5,2,1.0,0
net.sourceforge.ganttproject.gui.GanttPanelDate,28,56,0.0,0
net.sourceforge.ganttproject.gui.GanttStatusBar,51,41,0.022167487684729065,1
net.sourceforge.ganttproject.gui.GanttTabbedPane,4,1,0.0,0
net.sourceforge.ganttproject.gui.GanttTaskPropertiesBean,125,221,0.05641025641025641,1
net.sourceforge.ganttproject.gui.GanttURLChooser,4,21,0.0,0
net.sourceforge.ganttproject.gui.GeneralDialog,14,38,0.0,0
net.sourceforge.ganttproject.gui.OpenFileDialog,3,6,0.0,0
net.sourceforge.ganttproject.gui.ProjectUIFacade,8,0,0.0,0
net.sourceforge.ganttproject.gui.ProjectUIFacadeImpl,47,53,0.0,1
net.sourceforge.ganttproject.gui.ResourceDialogCustomColumn,31,56,0.044444444444444446,0
net.sourceforge.ganttproject.gui.ResourceTreeUIFacade,4,0,0.0,0
net.sourceforge.ganttproject.gui.ResourcesTableModel,41,26,0.015151515151515152,0
net.sourceforge.ganttproject.gui.RolesTableModel,17,5,0.027777777777777776,0
net.sourceforge.ganttproject.gui.TableHeaderUIFacade,10,0,0.0,0
net.sourceforge.ganttproject.gui.TaskSelectionContext,1,0,0.0,0
net.sourceforge.ganttproject.gui.TaskTreeUIFacade,8,0,0.0,0
net.sourceforge.ganttproject.gui.TestGanttRolloverButton,29,12,0.10256410256410256,0
net.sourceforge.ganttproject.gui.TextFieldAndFileChooserComponent,12,16,0.16666666666666666,0
net.sourceforge.ganttproject.gui.TipsDialog,8,94,0.0,0
net.sourceforge.ganttproject.gui.UIConfiguration,39,5,0.013257575757575758,0
net.sourceforge.ganttproject.gui.UIFacade,26,0,0.0,0
net.sourceforge.ganttproject.gui.UIUtil,3,3,0.0,0
net.sourceforge.ganttproject.gui.about.AboutAuthorPanel,13,12,0.0,0
net.sourceforge.ganttproject.gui.about.AboutDialog,7,14,0.0,0
net.sourceforge.ganttproject.gui.about.AboutJavaInfosPanel,16,14,0.0,0
net.sourceforge.ganttproject.gui.about.AboutLibraryPanel,15,17,0.0,0
net.sourceforge.ganttproject.gui.about.AboutLicensePanel,2,6,0.0,0
net.sourceforge.ganttproject.gui.about.AboutPanel,3,5,0.0,0
net.sourceforge.ganttproject.gui.options.BooleanOptionAction,1,0,0.0,0
net.sourceforge.ganttproject.gui.options.CSVSettingsPanel,67,165,0.010869565217391304,1
net.sourceforge.ganttproject.gui.options.EnumerationOptionComboBoxModel,13,13,0.06666666666666667,0
net.sourceforge.ganttproject.gui.options.ExportSettingsPanel,10,15,0.0,0
net.sourceforge.ganttproject.gui.options.GPOptionChoicePanel,9,17,0.3,0
net.sourceforge.ganttproject.gui.options.GanttChartOptionPageProvider,5,0,0.0,0
net.sourceforge.ganttproject.gui.options.GeneralOptionPanel,8,5,0.0,0
net.sourceforge.ganttproject.gui.options.LanguageSettingsPanel,41,44,0.0,0
net.sourceforge.ganttproject.gui.options.LnFSettingsPanel,51,99,0.15555555555555556,1
net.sourceforge.ganttproject.gui.options.OptionPageProviderPanel,8,6,1.0,0
net.sourceforge.ganttproject.gui.options.OptionsPageBuilder,70,69,0.0016806722689075631,1
net.sourceforge.ganttproject.gui.options.ParametersSettingsPanel,12,17,0.0,0
net.sourceforge.ganttproject.gui.options.ProjectSettingsPanel,13,35,0.0,0
net.sourceforge.ganttproject.gui.options.ResourceChartOptionPageProvider,5,0,0.0,0
net.sourceforge.ganttproject.gui.options.RolesSettingsPanel,3,5,0.0,0
net.sourceforge.ganttproject.gui.options.SettingsDialog,20,28,0.0,0
net.sourceforge.ganttproject.gui.options.SpringUtilities,17,39,0.0,0
net.sourceforge.ganttproject.gui.options.TopPanel,3,13,0.0,0
net.sourceforge.ganttproject.gui.options.WelcomeSettingsPanel,2,1,0.0,0
net.sourceforge.ganttproject.gui.options.model.BooleanOption,2,0,0.0,0
net.sourceforge.ganttproject.gui.options.model.ChangeValueDispatcher,1,0,0.0,0
net.sourceforge.ganttproject.gui.options.model.ChangeValueEvent,4,0,0.5,0
net.sourceforge.ganttproject.gui.options.model.ChangeValueListener,1,0,0.0,0
net.sourceforge.ganttproject.gui.options.model.ColorOption,2,0,0.0,0
net.sourceforge.ganttproject.gui.options.model.DateOption,2,0,0.0,0
net.sourceforge.ganttproject.gui.options.model.DefaultBooleanOption,8,0,0.6190476190476191,0
net.sourceforge.ganttproject.gui.options.model.DefaultColorOption,11,0,0.5333333333333333,0
net.sourceforge.ganttproject.gui.options.model.DefaultDateOption,9,0,0.3333333333333333,0
net.sourceforge.ganttproject.gui.options.model.DefaultEnumerationOption,10,0,0.23809523809523808,0
net.sourceforge.ganttproject.gui.options.model.DefaultStringOption,10,0,0.38095238095238093,0
net.sourceforge.ganttproject.gui.options.model.EnumerationOption,3,0,0.0,0
net.sourceforge.ganttproject.gui.options.model.GP1XOptionConverter,3,0,0.0,0
net.sourceforge.ganttproject.gui.options.model.GPAbstractOption,12,0,0.35714285714285715,0
net.sourceforge.ganttproject.gui.options.model.GPOption,7,0,0.0,0
net.sourceforge.ganttproject.gui.options.model.GPOptionChangeListener,1,0,0.0,0
net.sourceforge.ganttproject.gui.options.model.GPOptionGroup,22,9,0.3090909090909091,0
net.sourceforge.ganttproject.gui.options.model.OptionPageProvider,4,0,0.0,0
net.sourceforge.ganttproject.gui.options.model.StringOption,2,0,0.0,0
net.sourceforge.ganttproject.gui.previousState.GanttCompareToPreviousStateBean,9,28,0.0,0
net.sourceforge.ganttproject.gui.previousState.GanttDialogCompareToPreviousState,11,18,0.0,0
net.sourceforge.ganttproject.gui.previousState.GanttDialogSaveAsPreviousState,13,19,0.6666666666666666,0
net.sourceforge.ganttproject.gui.previousState.GanttSaveAsPreviousStateBean,12,29,0.09523809523809523,0
net.sourceforge.ganttproject.gui.projectwizard.I18N,9,3,0.0,0
net.sourceforge.ganttproject.gui.projectwizard.NewProjectWizard,1,1,0.0,0
net.sourceforge.ganttproject.gui.projectwizard.NewProjectWizardWindow,4,1,1.0,0
net.sourceforge.ganttproject.gui.projectwizard.ProjectNamePage,4,1,0.0,0
net.sourceforge.ganttproject.gui.projectwizard.RoleSetPage,17,18,0.05454545454545454,0
net.sourceforge.ganttproject.gui.projectwizard.WeekendConfigurationPage,16,22,0.0,0
net.sourceforge.ganttproject.gui.projectwizard.WizardImpl,19,10,0.14545454545454545,0
net.sourceforge.ganttproject.gui.projectwizard.WizardPage,3,0,0.0,0
net.sourceforge.ganttproject.gui.scrolling.ScrollingListener,3,0,0.0,0
net.sourceforge.ganttproject.gui.scrolling.ScrollingManager,5,0,0.0,0
net.sourceforge.ganttproject.gui.scrolling.ScrollingManagerImpl,8,3,0.0,0
net.sourceforge.ganttproject.gui.server.ConnectionPanel,2,11,0.0,0
net.sourceforge.ganttproject.gui.server.ServerDialog,3,4,0.0,0
net.sourceforge.ganttproject.gui.taskproperties.CommonPanel,8,24,0.14285714285714285,0
net.sourceforge.ganttproject.gui.taskproperties.CustomColumnsPanel,28,47,0.08333333333333333,0
net.sourceforge.ganttproject.gui.taskproperties.DependencyTableModel,32,13,0.022222222222222223,0
net.sourceforge.ganttproject.gui.taskproperties.InternalStateListener,2,0,0.0,0
net.sourceforge.ganttproject.gui.taskproperties.TaskAllocationsPanel,15,32,0.07142857142857142,0
net.sourceforge.ganttproject.gui.taskproperties.TaskDependenciesPanel,14,36,0.14285714285714285,0
net.sourceforge.ganttproject.gui.zoom.ZoomEvent,1,0,0.0,0
net.sourceforge.ganttproject.gui.zoom.ZoomListener,1,0,0.0,0
net.sourceforge.ganttproject.gui.zoom.ZoomManager,17,10,0.36363636363636365,0
net.sourceforge.ganttproject.importer.FileChooserPage,9,4,0.0,0
net.sourceforge.ganttproject.importer.ImportFileAction,4,0,0.0,0
net.sourceforge.ganttproject.importer.ImportFileWizardImpl,12,9,0.047619047619047616,0
net.sourceforge.ganttproject.importer.Importer,4,0,0.0,0
net.sourceforge.ganttproject.importer.ImporterBase,3,0,0.0,0
net.sourceforge.ganttproject.importer.ImporterChooserPage,6,8,0.0,0
net.sourceforge.ganttproject.importer.ImporterFactory,5,4,1.0,0
net.sourceforge.ganttproject.importer.ImporterFromGanttFile,27,19,0.0,0
net.sourceforge.ganttproject.importer.ImporterFromTxtFile,3,4,0.0,0
net.sourceforge.ganttproject.io.AssignmentSaver,5,10,0.0,0
net.sourceforge.ganttproject.io.CSVOptions,3,0,0.0,0
net.sourceforge.ganttproject.io.CalendarSaver,6,14,0.0,0
net.sourceforge.ganttproject.io.GPSaver,1,0,0.0,0
net.sourceforge.ganttproject.io.GanttCSVExport,95,92,0.08791208791208792,1
net.sourceforge.ganttproject.io.GanttChartViewSaver,4,6,0.0,0
net.sourceforge.ganttproject.io.GanttTXTOpen,4,3,0.0,0
net.sourceforge.ganttproject.io.GanttXFIGSaver,73,88,0.7472527472527473,0
net.sourceforge.ganttproject.io.GanttXMLOpen,52,28,0.0,1
net.sourceforge.ganttproject.io.GanttXMLSaver,18,25,0.015151515151515152,0
net.sourceforge.ganttproject.io.HistorySaver,3,6,0.0,0
net.sourceforge.ganttproject.io.ResourceSaver,8,18,0.0,0
net.sourceforge.ganttproject.io.SaverBase,9,0,0.0,0
net.sourceforge.ganttproject.io.TaskSaver,30,31,0.0,0
net.sourceforge.ganttproject.io.VacationSaver,4,3,0.0,0
net.sourceforge.ganttproject.io.ViewSaver,6,8,0.0,0
net.sourceforge.ganttproject.language.CharSetMap,46,17,0.10714285714285714,0
net.sourceforge.ganttproject.language.GanttLanguage,31,39,0.07246376811594203,0
net.sourceforge.ganttproject.parser.AllocationTagHandler,27,19,0.0,0
net.sourceforge.ganttproject.parser.BlankLineTagHandler,3,0,0.0,0
net.sourceforge.ganttproject.parser.ColorValueParser,2,1,0.0,0
net.sourceforge.ganttproject.parser.CustomPropertiesTagHandler,21,15,0.0,0
net.sourceforge.ganttproject.parser.DayTypeTagHandler,2,0,0.0,0
net.sourceforge.ganttproject.parser.DefaultWeekTagHandler,8,12,0.0,0
net.sourceforge.ganttproject.parser.DependencyTagHandler,27,22,0.0,0
net.sourceforge.ganttproject.parser.FileFormatException,0,0,0.0,0
net.sourceforge.ganttproject.parser.GPParser,5,0,0.0,0
net.sourceforge.ganttproject.parser.HolidayTagHandler,9,3,0.0,0
net.sourceforge.ganttproject.parser.IconPositionTagHandler,14,8,0.14285714285714285,0
net.sourceforge.ganttproject.parser.ParserFactory,2,0,0.0,0
net.sourceforge.ganttproject.parser.ParsingContext,4,0,0.16666666666666666,0
net.sourceforge.ganttproject.parser.ParsingListener,2,0,0.0,0
net.sourceforge.ganttproject.parser.PreviousStateTasksTagHandler,15,7,0.4,0
net.sourceforge.ganttproject.parser.ResourceTagHandler,25,27,0.027777777777777776,0
net.sourceforge.ganttproject.parser.RoleTagHandler,12,9,0.06666666666666667,0
net.sourceforge.ganttproject.parser.TagHandler,2,0,0.0,0
net.sourceforge.ganttproject.parser.TaskDisplayColumnsTagHandler,18,5,0.0,0
net.sourceforge.ganttproject.parser.TaskPropertiesTagHandler,7,7,0.0,0
net.sourceforge.ganttproject.parser.TaskTagHandler,32,25,0.0,0
net.sourceforge.ganttproject.parser.VacationTagHandler,7,3,0.0,0
net.sourceforge.ganttproject.parser.ViewTagHandler,4,1,0.0,0
net.sourceforge.ganttproject.plugins.PluginManager,10,8,0.0,0
net.sourceforge.ganttproject.print.GanttPrintable,5,25,0.0,0
net.sourceforge.ganttproject.print.PrintManager,4,7,0.0,0
net.sourceforge.ganttproject.print.PrintPreview,76,188,0.047619047619047616,1
net.sourceforge.ganttproject.resource.AssignmentContext,1,0,0.0,0
net.sourceforge.ganttproject.resource.AssignmentNode,4,3,0.0,0
net.sourceforge.ganttproject.resource.HumanResource,31,26,0.019762845849802372,0
net.sourceforge.ganttproject.resource.HumanResourceManager,53,30,0.003787878787878788,1
net.sourceforge.ganttproject.resource.LoadDistribution,30,26,0.030303030303030304,0
net.sourceforge.ganttproject.resource.ProjectResource,39,5,0.025806451612903226,0
net.sourceforge.ganttproject.resource.ResourceColumn,20,7,0.06315789473684211,0
net.sourceforge.ganttproject.resource.ResourceContext,1,0,0.0,0
net.sourceforge.ganttproject.resource.ResourceEvent,4,1,0.0,0
net.sourceforge.ganttproject.resource.ResourceManager,12,0,0.0,0
net.sourceforge.ganttproject.resource.ResourceNode,25,4,0.5769230769230769,0
net.sourceforge.ganttproject.resource.ResourceView,4,0,0.0,0
net.sourceforge.ganttproject.roles.Role,4,0,0.0,0
net.sourceforge.ganttproject.roles.RoleImpl,8,3,0.26666666666666666,0
net.sourceforge.ganttproject.roles.RoleManager,16,0,0.0,0
net.sourceforge.ganttproject.roles.RoleManagerImpl,28,47,0.008333333333333333,0
net.sourceforge.ganttproject.roles.RolePersistentID,6,0,0.6666666666666666,0
net.sourceforge.ganttproject.roles.RoleSet,10,0,0.0,0
net.sourceforge.ganttproject.roles.RoleSetImpl,16,8,0.015151515151515152,0
net.sourceforge.ganttproject.shape.ColorConstants,0,0,0.0,0
net.sourceforge.ganttproject.shape.JPaintCombo,1,0,0.0,0
net.sourceforge.ganttproject.shape.JPaintList,1,0,0.0,0
net.sourceforge.ganttproject.shape.PaintCellRenderer,5,16,1.0,0
net.sourceforge.ganttproject.shape.PreviewPanel,4,10,1.0,0
net.sourceforge.ganttproject.shape.Shape,17,60,0.0,0
net.sourceforge.ganttproject.shape.ShapeConstants,0,0,0.0,0
net.sourceforge.ganttproject.shape.ShapePaint,21,21,1.0,0
net.sourceforge.ganttproject.task.BlankLineNode,0,0,0.0,0
net.sourceforge.ganttproject.task.CustomColumEvent,4,2,0.0,0
net.sourceforge.ganttproject.task.CustomColumn,9,1,0.1111111111111111,0
net.sourceforge.ganttproject.task.CustomColumnsException,1,0,0.0,0
net.sourceforge.ganttproject.task.CustomColumnsManager,6,0,0.0,0
net.sourceforge.ganttproject.task.CustomColumnsStorage,47,36,0.004761904761904762,1
net.sourceforge.ganttproject.task.CustomColumnsValues,11,9,0.0,0
net.sourceforge.ganttproject.task.CustomColumsListener,1,0,0.0,0
net.sourceforge.ganttproject.task.MutableTask,16,0,0.0,0
net.sourceforge.ganttproject.task.ResourceAssignment,9,0,0.0,0
net.sourceforge.ganttproject.task.ResourceAssignmentCollection,7,0,0.0,0
net.sourceforge.ganttproject.task.ResourceAssignmentCollectionImpl,55,42,0.01,1
net.sourceforge.ganttproject.task.ResourceAssignmentMutator,1,0,0.0,0
net.sourceforge.ganttproject.task.Task,39,0,0.0,0
net.sourceforge.ganttproject.task.TaskActivity,7,0,0.0,0
net.sourceforge.ganttproject.task.TaskActivityImpl,8,1,0.0,0
net.sourceforge.ganttproject.task.TaskContainmentHierarchyFacade,21,0,0.0,0
net.sourceforge.ganttproject.task.TaskDocumentOrderComparator,2,0,0.0,0
net.sourceforge.ganttproject.task.TaskImpl,233,131,0.008600095556617296,1
net.sourceforge.ganttproject.task.TaskInfo,0,0,0.0,0
net.sourceforge.ganttproject.task.TaskLength,4,0,0.0,0
net.sourceforge.ganttproject.task.TaskLengthImpl,10,5,0.8,0
net.sourceforge.ganttproject.task.TaskManager,30,0,0.0,0
net.sourceforge.ganttproject.task.TaskManagerConfig,5,0,0.0,0
net.sourceforge.ganttproject.task.TaskManagerImpl,145,77,0.016922263352723427,1
net.sourceforge.ganttproject.task.TaskMutator,5,0,0.0,0
net.sourceforge.ganttproject.task.TaskNode,20,17,0.0,0
net.sourceforge.ganttproject.task.TaskProperties,27,13,0.0,0
net.sourceforge.ganttproject.task.TaskSelectionManager,25,2,0.02197802197802198,0
net.sourceforge.ganttproject.task.algorithm.AdjustTaskBoundsAlgorithm,25,14,0.0,0
net.sourceforge.ganttproject.task.algorithm.AlgorithmBase,2,0,1.0,0
net.sourceforge.ganttproject.task.algorithm.AlgorithmCollection,7,0,0.0,0
net.sourceforge.ganttproject.task.algorithm.CriticalPathAlgorithm,1,0,0.0,0
net.sourceforge.ganttproject.task.algorithm.CriticalPathAlgorithmImpl,40,41,0.0,0
net.sourceforge.ganttproject.task.algorithm.FindPossibleDependeesAlgorithm,1,0,0.0,0
net.sourceforge.ganttproject.task.algorithm.FindPossibleDependeesAlgorithmImpl,5,4,0.0,0
net.sourceforge.ganttproject.task.algorithm.ProjectBoundsAlgorithm,6,0,0.0,0
net.sourceforge.ganttproject.task.algorithm.RecalculateTaskCompletionPercentageAlgorithm,7,6,0.0,0
net.sourceforge.ganttproject.task.algorithm.RecalculateTaskScheduleAlgorithm,42,26,0.03571428571428571,0
net.sourceforge.ganttproject.task.algorithm.ShiftTaskTreeAlgorithm,3,1,0.0,0
net.sourceforge.ganttproject.task.algorithm.SortTasksAlgorithm,14,18,0.0,0
net.sourceforge.ganttproject.task.dependency.EventDispatcher,2,0,0.0,0
net.sourceforge.ganttproject.task.dependency.LoopDetector,8,3,0.0,0
net.sourceforge.ganttproject.task.dependency.MutableTaskDependencyCollection,4,0,0.0,0
net.sourceforge.ganttproject.task.dependency.RangeSearchFromKey,0,1,0.0,0
net.sourceforge.ganttproject.task.dependency.RangeSearchToKey,0,1,0.0,0
net.sourceforge.ganttproject.task.dependency.SearchKey,9,12,1.0,0
net.sourceforge.ganttproject.task.dependency.TaskDependency,20,0,0.0,0
net.sourceforge.ganttproject.task.dependency.TaskDependencyCollection,6,0,0.0,0
net.sourceforge.ganttproject.task.dependency.TaskDependencyCollectionImpl,49,43,0.006535947712418301,1
net.sourceforge.ganttproject.task.dependency.TaskDependencyCollectionMutator,1,0,0.0,0
net.sourceforge.ganttproject.task.dependency.TaskDependencyConstraint,13,0,0.0,0
net.sourceforge.ganttproject.task.dependency.TaskDependencyException,0,0,0.0,0
net.sourceforge.ganttproject.task.dependency.TaskDependencyImpl,17,4,0.0641025641025641,0
net.sourceforge.ganttproject.task.dependency.TaskDependencySlice,3,0,0.0,0
net.sourceforge.ganttproject.task.dependency.TaskDependencySliceAsDependant,1,0,0.0,0
net.sourceforge.ganttproject.task.dependency.TaskDependencySliceAsDependee,1,0,0.0,0
net.sourceforge.ganttproject.task.dependency.TaskDependencySliceImpl,9,3,0.16666666666666666,0
net.sourceforge.ganttproject.task.dependency.constraint.ConstraintImpl,13,3,0.022222222222222223,0
net.sourceforge.ganttproject.task.dependency.constraint.DependencyActivityBindingImpl,3,0,0.0,0
net.sourceforge.ganttproject.task.dependency.constraint.FinishFinishConstraintImpl,6,12,0.0,0
net.sourceforge.ganttproject.task.dependency.constraint.FinishStartConstraintImpl,6,9,0.0,0
net.sourceforge.ganttproject.task.dependency.constraint.StartFinishConstraintImpl,6,11,0.0,0
net.sourceforge.ganttproject.task.dependency.constraint.StartStartConstraintImpl,5,9,0.0,0
net.sourceforge.ganttproject.task.event.TaskDependencyEvent,1,0,0.0,0
net.sourceforge.ganttproject.task.event.TaskHierarchyEvent,3,0,0.0,0
net.sourceforge.ganttproject.task.event.TaskListener,9,0,0.0,0
net.sourceforge.ganttproject.task.event.TaskListenerAdapter,9,0,0.0,0
net.sourceforge.ganttproject.task.event.TaskPropertyEvent,1,0,0.0,0
net.sourceforge.ganttproject.task.event.TaskScheduleEvent,5,0,0.0,0
net.sourceforge.ganttproject.task.hierarchy.TaskHierarchyItem,11,8,0.2,0
net.sourceforge.ganttproject.task.hierarchy.TaskHierarchyManagerImpl,2,0,1.0,0
net.sourceforge.ganttproject.time.DateFrameable,3,0,0.0,0
net.sourceforge.ganttproject.time.TextFormatter,1,0,0.0,0
net.sourceforge.ganttproject.time.TimeFrame,9,0,0.0,0
net.sourceforge.ganttproject.time.TimeUnit,6,0,0.0,0
net.sourceforge.ganttproject.time.TimeUnitDateFrameableImpl,3,0,0.0,0
net.sourceforge.ganttproject.time.TimeUnitFunctionOfDate,1,0,0.0,0
net.sourceforge.ganttproject.time.TimeUnitFunctionOfDateImpl,19,0,0.0,0
net.sourceforge.ganttproject.time.TimeUnitGraph,12,7,0.0,0
net.sourceforge.ganttproject.time.TimeUnitImpl,13,3,0.05454545454545454,0
net.sourceforge.ganttproject.time.TimeUnitPair,3,0,0.0,0
net.sourceforge.ganttproject.time.TimeUnitStack,4,0,0.0,0
net.sourceforge.ganttproject.time.TimeUnitText,12,4,1.0,0
net.sourceforge.ganttproject.time.gregorian.CachingTextFormatter,5,1,0.0,0
net.sourceforge.ganttproject.time.gregorian.DayTextFormatter,1,2,0.0,0
net.sourceforge.ganttproject.time.gregorian.FramerImpl,7,12,0.3,0
net.sourceforge.ganttproject.time.gregorian.GPTimeUnitStack,4,14,0.0,0
net.sourceforge.ganttproject.time.gregorian.GregorianCalendar,2,2,0.0,0
net.sourceforge.ganttproject.time.gregorian.GregorianTimeUnitStack,5,20,0.0,0
net.sourceforge.ganttproject.time.gregorian.MonthTextFormatter,3,0,0.0,0
net.sourceforge.ganttproject.time.gregorian.TimeFrameImpl,60,26,0.05138339920948617,1
net.sourceforge.ganttproject.time.gregorian.WeekFramerImpl,4,18,0.0,0
net.sourceforge.ganttproject.time.gregorian.WeekTextFormatter,2,5,0.0,0
net.sourceforge.ganttproject.time.gregorian.YearTextFormatter,1,3,0.0,0
net.sourceforge.ganttproject.undo.GPUndoListener,1,0,0.0,0
net.sourceforge.ganttproject.undo.GPUndoManager,10,0,0.0,0
net.sourceforge.ganttproject.undo.UndoManagerImpl,20,5,0.02857142857142857,0
net.sourceforge.ganttproject.undo.UndoableEditImpl,12,3,0.0,0
net.sourceforge.ganttproject.util.BrowserControl,25,8,0.1,0
net.sourceforge.ganttproject.util.ColorConvertion,6,7,0.0,0
net.sourceforge.ganttproject.util.DateUtils,6,3,0.0,0
net.sourceforge.ganttproject.util.FileUtil,11,6,1.0,0
net.sourceforge.ganttproject.util.TextLengthCalculator,2,0,0.0,0
net.sourceforge.ganttproject.util.TextLengthCalculatorImpl,13,6,0.2,0
org.ganttproject.WebStartIDClass,0,0,0.0,0
org.w3c.util.DateParser,40,69,0.0,0
org.w3c.util.InvalidDateException,0,0,0.0,0
