name,wmc,atfd,tcc
org.apache.html.dom.HTMLAnchorElementImpl,30,0,0.0
org.apache.html.dom.HTMLAppletElementImpl,22,0,0.0
org.apache.html.dom.HTMLAreaElementImpl,20,0,0.0
org.apache.html.dom.HTMLBRElementImpl,2,0,0.0
org.apache.html.dom.HTMLBaseElementImpl,4,0,0.0
org.apache.html.dom.HTMLBaseFontElementImpl,6,0,0.0
org.apache.html.dom.HTMLBodyElementImpl,12,0,0.0
org.apache.html.dom.HTMLBuilder,32,7,0.6944444444444444
org.apache.html.dom.HTMLButtonElementImpl,16,0,0.0
org.apache.html.dom.HTMLCollectionImpl,51,10,0.14285714285714285
org.apache.html.dom.HTMLDListElementImpl,2,0,0.0
org.apache.html.dom.HTMLDOMImplementationImpl,3,1,0.0
org.apache.html.dom.HTMLDirectoryElementImpl,2,0,0.0
org.apache.html.dom.HTMLDivElementImpl,2,0,0.0
org.apache.html.dom.HTMLDocumentImpl,76,37,0.013793103448275862
org.apache.html.dom.HTMLElementImpl,37,13,0.0
org.apache.html.dom.HTMLFieldSetElementImpl,0,0,0.0
org.apache.html.dom.HTMLFontElementImpl,6,0,0.0
org.apache.html.dom.HTMLFormControl,0,0,0.0
org.apache.html.dom.HTMLFormElementImpl,19,3,0.0
org.apache.html.dom.HTMLFrameElementImpl,16,0,0.0
org.apache.html.dom.HTMLFrameSetElementImpl,4,0,0.0
org.apache.html.dom.HTMLHRElementImpl,8,0,0.0
org.apache.html.dom.HTMLHeadElementImpl,2,0,0.0
org.apache.html.dom.HTMLHeadingElementImpl,2,0,0.0
org.apache.html.dom.HTMLHtmlElementImpl,2,0,0.0
org.apache.html.dom.HTMLIFrameElementImpl,20,0,0.0
org.apache.html.dom.HTMLImageElementImpl,26,0,0.0
org.apache.html.dom.HTMLInputElementImpl,42,0,0.0
org.apache.html.dom.HTMLIsIndexElementImpl,2,0,0.0
org.apache.html.dom.HTMLLIElementImpl,4,0,0.0
org.apache.html.dom.HTMLLabelElementImpl,8,0,0.0
org.apache.html.dom.HTMLLegendElementImpl,8,0,0.0
org.apache.html.dom.HTMLLinkElementImpl,18,0,0.0
org.apache.html.dom.HTMLMapElementImpl,5,3,0.0
org.apache.html.dom.HTMLMenuElementImpl,2,0,0.0
org.apache.html.dom.HTMLMetaElementImpl,8,0,0.0
org.apache.html.dom.HTMLModElementImpl,4,0,0.0
org.apache.html.dom.HTMLOListElementImpl,6,0,0.0
org.apache.html.dom.HTMLObjectElementImpl,35,0,0.0
org.apache.html.dom.HTMLOptGroupElementImpl,4,0,0.0
org.apache.html.dom.HTMLOptionElementImpl,26,5,0.0
org.apache.html.dom.HTMLParagraphElementImpl,2,0,0.0
org.apache.html.dom.HTMLParamElementImpl,8,0,0.0
org.apache.html.dom.HTMLPreElementImpl,2,0,0.0
org.apache.html.dom.HTMLQuoteElementImpl,2,0,0.0
org.apache.html.dom.HTMLScriptElementImpl,17,2,0.0
org.apache.html.dom.HTMLSelectElementImpl,28,5,0.0
org.apache.html.dom.HTMLStyleElementImpl,6,0,0.0
org.apache.html.dom.HTMLTableCaptionElementImpl,2,0,0.0
org.apache.html.dom.HTMLTableCellElementImpl,43,4,0.0
org.apache.html.dom.HTMLTableColElementImpl,16,0,0.0
org.apache.html.dom.HTMLTableElementImpl,73,11,0.0
org.apache.html.dom.HTMLTableRowElementImpl,41,9,0.0
org.apache.html.dom.HTMLTableSectionElementImpl,26,5,0.0
org.apache.html.dom.HTMLTextAreaElementImpl,26,0,0.0
org.apache.html.dom.HTMLTitleElementImpl,5,2,0.0
org.apache.html.dom.HTMLUListElementImpl,4,0,0.0
org.apache.html.dom.NameNodeListImpl,11,7,0.0
org.apache.html.dom.ObjectFactory,59,22,0.2857142857142857
org.apache.html.dom.SecuritySupport,23,7,0.0
org.apache.wml.WMLAElement,8,0,0.0
org.apache.wml.WMLAccessElement,4,0,0.0
org.apache.wml.WMLAnchorElement,4,0,0.0
org.apache.wml.WMLBElement,2,0,0.0
org.apache.wml.WMLBigElement,2,0,0.0
org.apache.wml.WMLBrElement,2,0,0.0
org.apache.wml.WMLCardElement,14,0,0.0
org.apache.wml.WMLDOMImplementation,0,0,0.0
org.apache.wml.WMLDoElement,10,0,0.0
org.apache.wml.WMLDocument,0,0,0.0
org.apache.wml.WMLElement,4,0,0.0
org.apache.wml.WMLEmElement,2,0,0.0
org.apache.wml.WMLFieldsetElement,4,0,0.0
org.apache.wml.WMLGoElement,8,0,0.0
org.apache.wml.WMLHeadElement,0,0,0.0
org.apache.wml.WMLIElement,2,0,0.0
org.apache.wml.WMLImgElement,18,0,0.0
org.apache.wml.WMLInputElement,20,0,0.0
org.apache.wml.WMLMetaElement,10,0,0.0
org.apache.wml.WMLNoopElement,0,0,0.0
org.apache.wml.WMLOneventElement,2,0,0.0
org.apache.wml.WMLOptgroupElement,4,0,0.0
org.apache.wml.WMLOptionElement,8,0,0.0
org.apache.wml.WMLPElement,6,0,0.0
org.apache.wml.WMLPostfieldElement,4,0,0.0
org.apache.wml.WMLPrevElement,0,0,0.0
org.apache.wml.WMLRefreshElement,0,0,0.0
org.apache.wml.WMLSelectElement,16,0,0.0
org.apache.wml.WMLSetvarElement,4,0,0.0
org.apache.wml.WMLSmallElement,2,0,0.0
org.apache.wml.WMLStrongElement,2,0,0.0
org.apache.wml.WMLTableElement,8,0,0.0
org.apache.wml.WMLTdElement,2,0,0.0
org.apache.wml.WMLTemplateElement,6,0,0.0
org.apache.wml.WMLTimerElement,4,0,0.0
org.apache.wml.WMLTrElement,0,0,0.0
org.apache.wml.WMLUElement,2,0,0.0
org.apache.wml.WMLWmlElement,2,0,0.0
org.apache.wml.dom.WMLAElementImpl,10,0,0.0
org.apache.wml.dom.WMLAccessElementImpl,8,0,0.0
org.apache.wml.dom.WMLAnchorElementImpl,8,0,0.0
org.apache.wml.dom.WMLBElementImpl,6,0,0.0
org.apache.wml.dom.WMLBigElementImpl,6,0,0.0
org.apache.wml.dom.WMLBrElementImpl,6,0,0.0
org.apache.wml.dom.WMLCardElementImpl,18,0,0.0
org.apache.wml.dom.WMLDOMImplementationImpl,2,0,0.0
org.apache.wml.dom.WMLDoElementImpl,14,0,0.0
org.apache.wml.dom.WMLDocumentImpl,4,40,0.0
org.apache.wml.dom.WMLElementImpl,14,0,0.0
org.apache.wml.dom.WMLEmElementImpl,6,0,0.0
org.apache.wml.dom.WMLFieldsetElementImpl,8,0,0.0
org.apache.wml.dom.WMLGoElementImpl,12,0,0.0
org.apache.wml.dom.WMLHeadElementImpl,4,0,0.0
org.apache.wml.dom.WMLIElementImpl,6,0,0.0
org.apache.wml.dom.WMLImgElementImpl,22,0,0.0
org.apache.wml.dom.WMLInputElementImpl,24,0,0.0
org.apache.wml.dom.WMLMetaElementImpl,14,0,0.0
org.apache.wml.dom.WMLNoopElementImpl,4,0,0.0
org.apache.wml.dom.WMLOneventElementImpl,6,0,0.0
org.apache.wml.dom.WMLOptgroupElementImpl,8,0,0.0
org.apache.wml.dom.WMLOptionElementImpl,12,0,0.0
org.apache.wml.dom.WMLPElementImpl,10,0,0.0
org.apache.wml.dom.WMLPostfieldElementImpl,8,0,0.0
org.apache.wml.dom.WMLPrevElementImpl,4,0,0.0
org.apache.wml.dom.WMLRefreshElementImpl,4,0,0.0
org.apache.wml.dom.WMLSelectElementImpl,20,0,0.0
org.apache.wml.dom.WMLSetvarElementImpl,8,0,0.0
org.apache.wml.dom.WMLSmallElementImpl,6,0,0.0
org.apache.wml.dom.WMLStrongElementImpl,6,0,0.0
org.apache.wml.dom.WMLTableElementImpl,12,0,0.0
org.apache.wml.dom.WMLTdElementImpl,6,0,0.0
org.apache.wml.dom.WMLTemplateElementImpl,10,0,0.0
org.apache.wml.dom.WMLTimerElementImpl,8,0,0.0
org.apache.wml.dom.WMLTrElementImpl,4,0,0.0
org.apache.wml.dom.WMLUElementImpl,6,0,0.0
org.apache.wml.dom.WMLWmlElementImpl,6,0,0.0
org.apache.xerces.dom.ASDOMImplementationImpl,4,3,0.0
org.apache.xerces.dom.ASModelImpl,38,93,0.004267425320056899
org.apache.xerces.dom.AttrImpl,154,131,0.12292358803986711
org.apache.xerces.dom.AttrNSImpl,45,24,0.28888888888888886
org.apache.xerces.dom.AttributeMap,79,116,0.0
org.apache.xerces.dom.CDATASectionImpl,2,1,0.0
org.apache.xerces.dom.CharacterDataImpl,42,31,0.14285714285714285
org.apache.xerces.dom.ChildNode,10,3,0.06666666666666667
org.apache.xerces.dom.CommentImpl,2,1,0.0
org.apache.xerces.dom.CoreDOMImplementationImpl,58,35,0.03296703296703297
org.apache.xerces.dom.CoreDocumentImpl,355,250,0.04377370417193426
org.apache.xerces.dom.DOMConfigurationImpl,150,207,0.039525691699604744
org.apache.xerces.dom.DOMErrorImpl,8,6,0.07142857142857142
org.apache.xerces.dom.DOMImplementationImpl,21,4,0.0
org.apache.xerces.dom.DOMImplementationListImpl,3,0,0.0
org.apache.xerces.dom.DOMImplementationSourceImpl,24,4,0.0
org.apache.xerces.dom.DOMInputImpl,16,0,0.06666666666666667
org.apache.xerces.dom.DOMLocatorImpl,6,0,0.0
org.apache.xerces.dom.DOMMessageFormatter,20,13,0.3333333333333333
org.apache.xerces.dom.DOMNormalizer,320,456,0.018867924528301886
org.apache.xerces.dom.DOMOutputImpl,8,0,0.14285714285714285
org.apache.xerces.dom.DOMStringListImpl,5,0,0.0
org.apache.xerces.dom.DOMXSImplementationSourceImpl,8,5,0.0
org.apache.xerces.dom.DeepNodeListImpl,37,13,0.3333333333333333
org.apache.xerces.dom.DeferredAttrImpl,3,4,1.0
org.apache.xerces.dom.DeferredAttrNSImpl,4,5,1.0
org.apache.xerces.dom.DeferredCDATASectionImpl,2,1,1.0
org.apache.xerces.dom.DeferredCommentImpl,2,1,1.0
org.apache.xerces.dom.DeferredDOMImplementationImpl,1,0,0.0
org.apache.xerces.dom.DeferredDocumentImpl,266,103,0.41202185792349727
org.apache.xerces.dom.DeferredDocumentTypeImpl,10,17,1.0
org.apache.xerces.dom.DeferredElementDefinitionImpl,4,8,1.0
org.apache.xerces.dom.DeferredElementImpl,4,8,1.0
org.apache.xerces.dom.DeferredElementNSImpl,5,10,1.0
org.apache.xerces.dom.DeferredEntityImpl,3,11,1.0
org.apache.xerces.dom.DeferredEntityReferenceImpl,3,2,1.0
org.apache.xerces.dom.DeferredNode,1,0,0.0
org.apache.xerces.dom.DeferredNotationImpl,2,7,1.0
org.apache.xerces.dom.DeferredProcessingInstructionImpl,2,2,1.0
org.apache.xerces.dom.DeferredTextImpl,2,2,1.0
org.apache.xerces.dom.DocumentFragmentImpl,11,8,0.0
org.apache.xerces.dom.DocumentImpl,168,125,0.21052631578947367
org.apache.xerces.dom.DocumentTypeImpl,73,32,0.03684210526315789
org.apache.xerces.dom.ElementDefinitionImpl,6,2,0.0
org.apache.xerces.dom.ElementImpl,157,122,0.34512195121951217
org.apache.xerces.dom.ElementNSImpl,64,32,0.2878787878787879
org.apache.xerces.dom.EntityImpl,33,2,0.058823529411764705
org.apache.xerces.dom.EntityReferenceImpl,34,22,0.03571428571428571
org.apache.xerces.dom.LCount,2,1,0.0
org.apache.xerces.dom.NamedNodeMapImpl,89,46,0.3715415019762846
org.apache.xerces.dom.NodeImpl,271,129,0.02525879917184265
org.apache.xerces.dom.NodeIteratorImpl,52,23,0.2222222222222222
org.apache.xerces.dom.NodeListCache,0,0,0.0
org.apache.xerces.dom.NotationImpl,20,5,0.10714285714285714
org.apache.xerces.dom.ObjectFactory,59,22,0.2857142857142857
org.apache.xerces.dom.PSVIAttrNSImpl,17,16,0.008333333333333333
org.apache.xerces.dom.PSVIDOMImplementationImpl,6,3,0.0
org.apache.xerces.dom.PSVIDocumentImpl,9,3,0.0
org.apache.xerces.dom.PSVIElementNSImpl,20,18,0.005847953216374269
org.apache.xerces.dom.ParentNode,141,131,0.16091954022988506
org.apache.xerces.dom.ProcessingInstructionImpl,10,2,0.06666666666666667
org.apache.xerces.dom.RangeExceptionImpl,0,0,0.0
org.apache.xerces.dom.RangeImpl,359,295,0.3787561146051712
org.apache.xerces.dom.SecuritySupport,23,7,0.0
org.apache.xerces.dom.TextImpl,88,82,0.0
org.apache.xerces.dom.TreeWalkerImpl,85,33,0.23157894736842105
org.apache.xerces.dom.events.EventImpl,10,0,0.06666666666666667
org.apache.xerces.dom.events.MutationEventImpl,6,0,0.3333333333333333
org.apache.xerces.dom3.as.ASAttributeDeclaration,10,0,0.0
org.apache.xerces.dom3.as.ASContentModel,11,1,0.0
org.apache.xerces.dom3.as.ASDataType,1,0,0.0
org.apache.xerces.dom3.as.ASElementDeclaration,16,0,0.0
org.apache.xerces.dom3.as.ASEntityDeclaration,8,0,0.0
org.apache.xerces.dom3.as.ASModel,20,0,0.0
org.apache.xerces.dom3.as.ASNamedObjectMap,8,0,0.0
org.apache.xerces.dom3.as.ASNotationDeclaration,4,0,0.0
org.apache.xerces.dom3.as.ASObject,12,0,0.0
org.apache.xerces.dom3.as.ASObjectList,2,0,0.0
org.apache.xerces.dom3.as.CharacterDataEditAS,6,0,0.0
org.apache.xerces.dom3.as.DOMASBuilder,4,0,0.0
org.apache.xerces.dom3.as.DOMASException,0,0,0.0
org.apache.xerces.dom3.as.DOMASWriter,1,0,0.0
org.apache.xerces.dom3.as.DOMImplementationAS,3,0,0.0
org.apache.xerces.dom3.as.DocumentAS,10,0,0.0
org.apache.xerces.dom3.as.DocumentEditAS,2,0,0.0
org.apache.xerces.dom3.as.ElementEditAS,13,0,0.0
org.apache.xerces.dom3.as.NodeEditAS,5,0,0.0
org.apache.xerces.impl.Constants,15,8,0.39285714285714285
org.apache.xerces.impl.ExternalSubsetResolver,1,0,0.0
org.apache.xerces.impl.RevalidationHandler,1,0,0.0
org.apache.xerces.impl.Version,2,0,0.0
org.apache.xerces.impl.XML11DTDScannerImpl,29,27,0.0
org.apache.xerces.impl.XML11DocumentScannerImpl,96,42,0.038461538461538464
org.apache.xerces.impl.XML11EntityScanner,263,527,0.0
org.apache.xerces.impl.XML11NSDocumentScannerImpl,112,178,0.37777777777777777
org.apache.xerces.impl.XML11NamespaceBinder,1,0,0.0
org.apache.xerces.impl.XMLDTDScannerImpl,310,64,0.28205128205128205
org.apache.xerces.impl.XMLDocumentFragmentScannerImpl,234,98,0.2358974358974359
org.apache.xerces.impl.XMLDocumentScannerImpl,165,79,0.10526315789473684
org.apache.xerces.impl.XMLEntityDescription,2,0,0.0
org.apache.xerces.impl.XMLEntityHandler,2,0,0.0
org.apache.xerces.impl.XMLEntityManager,386,229,0.0276558384547849
org.apache.xerces.impl.XMLEntityScanner,276,437,0.7389162561576355
org.apache.xerces.impl.XMLErrorReporter,45,16,0.1323529411764706
org.apache.xerces.impl.XMLNSDocumentScannerImpl,110,182,0.37777777777777777
org.apache.xerces.impl.XMLNamespaceBinder,113,109,0.45564516129032256
org.apache.xerces.impl.XMLScanner,238,87,0.07407407407407407
org.apache.xerces.impl.XMLVersionDetector,18,59,0.3333333333333333
org.apache.xerces.impl.dtd.DTDGrammar,321,435,0.12983770287141075
org.apache.xerces.impl.dtd.DTDGrammarBucket,7,3,0.2857142857142857
org.apache.xerces.impl.dtd.XML11DTDProcessor,2,2,0.0
org.apache.xerces.impl.dtd.XML11DTDValidator,7,10,0.0
org.apache.xerces.impl.dtd.XML11NSDTDValidator,35,89,0.0
org.apache.xerces.impl.dtd.XMLAttributeDecl,2,0,0.0
org.apache.xerces.impl.dtd.XMLContentSpec,11,7,0.3
org.apache.xerces.impl.dtd.XMLDTDDescription,28,18,0.3333333333333333
org.apache.xerces.impl.dtd.XMLDTDLoader,38,48,0.1282051282051282
org.apache.xerces.impl.dtd.XMLDTDProcessor,208,124,0.44982993197278914
org.apache.xerces.impl.dtd.XMLDTDValidator,251,307,0.21187943262411346
org.apache.xerces.impl.dtd.XMLDTDValidatorFilter,2,0,0.0
org.apache.xerces.impl.dtd.XMLElementDecl,2,0,0.0
org.apache.xerces.impl.dtd.XMLEntityDecl,3,0,0.0
org.apache.xerces.impl.dtd.XMLNSDTDValidator,37,95,0.0
org.apache.xerces.impl.dtd.XMLNotationDecl,2,0,0.0
org.apache.xerces.impl.dtd.XMLSimpleType,7,16,0.0
org.apache.xerces.impl.dtd.models.CMAny,11,2,0.5714285714285714
org.apache.xerces.impl.dtd.models.CMBinOp,17,14,0.0
org.apache.xerces.impl.dtd.models.CMLeaf,10,8,0.7142857142857143
org.apache.xerces.impl.dtd.models.CMNode,10,0,0.10714285714285714
org.apache.xerces.impl.dtd.models.CMStateSet,44,10,0.8181818181818182
org.apache.xerces.impl.dtd.models.CMUniOp,7,5,0.0
org.apache.xerces.impl.dtd.models.ContentModelValidator,1,0,0.0
org.apache.xerces.impl.dtd.models.DFAContentModel,77,48,0.4
org.apache.xerces.impl.dtd.models.MixedContentModel,27,11,0.0
org.apache.xerces.impl.dtd.models.SimpleContentModel,29,16,0.0
org.apache.xerces.impl.dv.DTDDVFactory,5,0,0.0
org.apache.xerces.impl.dv.DVFactoryException,0,0,0.0
org.apache.xerces.impl.dv.DatatypeException,7,5,0.6666666666666666
org.apache.xerces.impl.dv.DatatypeValidator,1,0,0.0
org.apache.xerces.impl.dv.InvalidDatatypeFacetException,0,0,0.0
org.apache.xerces.impl.dv.InvalidDatatypeValueException,0,0,0.0
org.apache.xerces.impl.dv.ObjectFactory,59,22,0.2857142857142857
org.apache.xerces.impl.dv.SchemaDVFactory,8,0,0.0
org.apache.xerces.impl.dv.SecuritySupport,23,7,0.0
org.apache.xerces.impl.dv.ValidatedInfo,3,0,0.0
org.apache.xerces.impl.dv.ValidationContext,11,0,0.0
org.apache.xerces.impl.dv.XSFacets,1,0,0.0
org.apache.xerces.impl.dv.XSSimpleType,8,0,0.0
org.apache.xerces.impl.dv.dtd.DTDDVFactoryImpl,3,1,0.0
org.apache.xerces.impl.dv.dtd.ENTITYDatatypeValidator,2,1,0.0
org.apache.xerces.impl.dv.dtd.IDDatatypeValidator,5,3,0.0
org.apache.xerces.impl.dv.dtd.IDREFDatatypeValidator,4,2,0.0
org.apache.xerces.impl.dv.dtd.ListDatatypeValidator,3,0,0.0
org.apache.xerces.impl.dv.dtd.NMTOKENDatatypeValidator,2,1,0.0
org.apache.xerces.impl.dv.dtd.NOTATIONDatatypeValidator,1,0,0.0
org.apache.xerces.impl.dv.dtd.StringDatatypeValidator,1,0,0.0
org.apache.xerces.impl.dv.dtd.XML11DTDDVFactoryImpl,4,4,0.0
org.apache.xerces.impl.dv.dtd.XML11IDDatatypeValidator,5,3,0.0
org.apache.xerces.impl.dv.dtd.XML11IDREFDatatypeValidator,4,2,0.0
org.apache.xerces.impl.dv.dtd.XML11NMTOKENDatatypeValidator,2,1,0.0
org.apache.xerces.impl.dv.util.Base64,52,2,0.09523809523809523
org.apache.xerces.impl.dv.util.ByteListImpl,7,5,0.3333333333333333
org.apache.xerces.impl.dv.util.HexBin,18,1,0.0
org.apache.xerces.impl.dv.xs.AbstractDateTimeDV,190,205,0.03211517165005537
org.apache.xerces.impl.dv.xs.AnyAtomicDV,2,0,0.0
org.apache.xerces.impl.dv.xs.AnySimpleDV,2,0,0.0
org.apache.xerces.impl.dv.xs.AnyURIDV,17,9,0.0
org.apache.xerces.impl.dv.xs.Base64BinaryDV,11,9,0.0
org.apache.xerces.impl.dv.xs.BaseDVFactory,6,93,0.0
org.apache.xerces.impl.dv.xs.BooleanDV,6,5,0.0
org.apache.xerces.impl.dv.xs.DateDV,7,15,0.0
org.apache.xerces.impl.dv.xs.DateTimeDV,8,15,0.0
org.apache.xerces.impl.dv.xs.DayDV,11,17,0.0
org.apache.xerces.impl.dv.xs.DayTimeDurationDV,9,17,0.0
org.apache.xerces.impl.dv.xs.DecimalDV,87,24,0.39215686274509803
org.apache.xerces.impl.dv.xs.DoubleDV,45,22,0.35714285714285715
org.apache.xerces.impl.dv.xs.DurationDV,68,89,0.0
org.apache.xerces.impl.dv.xs.EntityDV,5,9,0.0
org.apache.xerces.impl.dv.xs.FloatDV,45,22,0.35714285714285715
org.apache.xerces.impl.dv.xs.FullDVFactory,3,66,0.0
org.apache.xerces.impl.dv.xs.HexBinaryDV,11,9,0.0
org.apache.xerces.impl.dv.xs.IDDV,5,9,0.0
org.apache.xerces.impl.dv.xs.IDREFDV,4,8,0.0
org.apache.xerces.impl.dv.xs.IntegerDV,2,0,0.0
org.apache.xerces.impl.dv.xs.ListDV,19,13,0.21428571428571427
org.apache.xerces.impl.dv.xs.MonthDV,13,17,0.0
org.apache.xerces.impl.dv.xs.MonthDayDV,12,18,0.0
org.apache.xerces.impl.dv.xs.PrecisionDecimalDV,85,44,0.047619047619047616
org.apache.xerces.impl.dv.xs.QNameDV,15,14,0.0
org.apache.xerces.impl.dv.xs.SchemaDVFactoryImpl,12,174,0.2857142857142857
org.apache.xerces.impl.dv.xs.SchemaDateTimeException,0,0,0.0
org.apache.xerces.impl.dv.xs.StringDV,2,7,0.0
org.apache.xerces.impl.dv.xs.TimeDV,8,22,0.0
org.apache.xerces.impl.dv.xs.TypeValidator,13,0,0.0
org.apache.xerces.impl.dv.xs.UnionDV,2,3,0.0
org.apache.xerces.impl.dv.xs.XSSimpleTypeDecl,674,438,0.09957924263674614
org.apache.xerces.impl.dv.xs.YearDV,9,18,0.0
org.apache.xerces.impl.dv.xs.YearMonthDV,7,16,0.0
org.apache.xerces.impl.dv.xs.YearMonthDurationDV,7,9,0.0
org.apache.xerces.impl.io.ASCIIReader,12,4,0.0
org.apache.xerces.impl.io.MalformedByteSequenceException,5,0,0.3333333333333333
org.apache.xerces.impl.io.UCSReader,31,2,0.047619047619047616
org.apache.xerces.impl.io.UTF8Reader,96,10,0.15555555555555556
org.apache.xerces.impl.msg.XMLMessageFormatter,12,8,0.0
org.apache.xerces.impl.validation.EntityState,2,0,0.0
org.apache.xerces.impl.validation.ValidationManager,8,0,0.2857142857142857
org.apache.xerces.impl.validation.ValidationState,27,1,0.10952380952380952
org.apache.xerces.impl.xpath.XPath,294,141,0.05789473684210526
org.apache.xerces.impl.xpath.XPathException,1,0,0.0
org.apache.xerces.impl.xpath.regex.BMPattern,51,3,0.0
org.apache.xerces.impl.xpath.regex.Match,32,0,0.0
org.apache.xerces.impl.xpath.regex.Op,48,66,0.036231884057971016
org.apache.xerces.impl.xpath.regex.ParseException,1,0,0.0
org.apache.xerces.impl.xpath.regex.ParserForXMLSchema,119,14,0.0
org.apache.xerces.impl.xpath.regex.REUtil,83,38,0.0
org.apache.xerces.impl.xpath.regex.RangeToken,144,36,0.007352941176470588
org.apache.xerces.impl.xpath.regex.RegexParser,350,67,0.09158186864014801
org.apache.xerces.impl.xpath.regex.RegularExpression,823,659,0.09782608695652174
org.apache.xerces.impl.xpath.regex.Token,368,199,0.09863945578231292
org.apache.xerces.impl.xs.AttributePSVImpl,16,8,0.12087912087912088
org.apache.xerces.impl.xs.ElementPSVImpl,21,8,0.09558823529411764
org.apache.xerces.impl.xs.SchemaGrammar,132,250,0.011864406779661017
org.apache.xerces.impl.xs.SchemaNamespaceSupport,11,11,0.0
org.apache.xerces.impl.xs.SchemaSymbols,0,0,0.0
org.apache.xerces.impl.xs.SubstitutionGroupHandler,48,56,0.0
org.apache.xerces.impl.xs.XMLSchemaException,2,0,0.0
org.apache.xerces.impl.xs.XMLSchemaLoader,166,217,0.0641025641025641
org.apache.xerces.impl.xs.XMLSchemaValidator,578,671,0.06778868630201028
org.apache.xerces.impl.xs.XSAnnotationImpl,16,11,0.10714285714285714
org.apache.xerces.impl.xs.XSAttributeDecl,20,13,0.13333333333333333
org.apache.xerces.impl.xs.XSAttributeGroupDecl,55,64,0.2564102564102564
org.apache.xerces.impl.xs.XSAttributeUseImpl,18,15,0.06060606060606061
org.apache.xerces.impl.xs.XSComplexTypeDecl,120,61,0.09872241579558652
org.apache.xerces.impl.xs.XSConstraints,264,299,0.0
org.apache.xerces.impl.xs.XSDDescription,22,14,0.11764705882352941
org.apache.xerces.impl.xs.XSDeclarationPool,43,21,0.4666666666666667
org.apache.xerces.impl.xs.XSElementDecl,45,17,0.09090909090909091
org.apache.xerces.impl.xs.XSGrammarBucket,20,7,0.5
org.apache.xerces.impl.xs.XSGroupDecl,6,1,0.0
org.apache.xerces.impl.xs.XSImplementationImpl,10,4,0.0
org.apache.xerces.impl.xs.XSLoaderImpl,40,34,0.0
org.apache.xerces.impl.xs.XSMessageFormatter,8,6,0.0
org.apache.xerces.impl.xs.XSModelGroupImpl,38,10,0.31666666666666665
org.apache.xerces.impl.xs.XSModelImpl,74,44,0.14285714285714285
org.apache.xerces.impl.xs.XSNotationDecl,7,1,0.0
org.apache.xerces.impl.xs.XSParticleDecl,37,14,0.30833333333333335
org.apache.xerces.impl.xs.XSWildcardDecl,112,94,0.15789473684210525
org.apache.xerces.impl.xs.identity.Field,28,21,0.047619047619047616
org.apache.xerces.impl.xs.identity.FieldActivator,5,0,0.0
org.apache.xerces.impl.xs.identity.IdentityConstraint,34,6,0.07368421052631578
org.apache.xerces.impl.xs.identity.KeyRef,2,0,1.0
org.apache.xerces.impl.xs.identity.Selector,18,5,0.24444444444444444
org.apache.xerces.impl.xs.identity.UniqueOrKey,0,0,0.0
org.apache.xerces.impl.xs.identity.ValueStore,2,0,0.0
org.apache.xerces.impl.xs.identity.XPathMatcher,82,40,0.32142857142857145
org.apache.xerces.impl.xs.models.CMBuilder,47,60,0.10714285714285714
org.apache.xerces.impl.xs.models.CMNodeFactory,18,13,0.19047619047619047
org.apache.xerces.impl.xs.models.XSAllCM,26,4,1.0
org.apache.xerces.impl.xs.models.XSCMBinOp,17,14,0.0
org.apache.xerces.impl.xs.models.XSCMLeaf,11,2,0.5357142857142857
org.apache.xerces.impl.xs.models.XSCMUniOp,7,5,0.0
org.apache.xerces.impl.xs.models.XSCMValidator,5,0,0.0
org.apache.xerces.impl.xs.models.XSDFACM,98,58,0.3181818181818182
org.apache.xerces.impl.xs.models.XSEmptyCM,7,2,0.0
org.apache.xerces.impl.xs.opti.AttrImpl,7,2,0.047619047619047616
org.apache.xerces.impl.xs.opti.DefaultDocument,31,32,0.002150537634408602
org.apache.xerces.impl.xs.opti.DefaultElement,20,20,0.0
org.apache.xerces.impl.xs.opti.DefaultNode,37,30,0.0
org.apache.xerces.impl.xs.opti.DefaultText,12,20,0.0
org.apache.xerces.impl.xs.opti.DefaultXMLDocumentHandler,51,0,0.002352941176470588
org.apache.xerces.impl.xs.opti.ElementImpl,47,11,0.1619047619047619
org.apache.xerces.impl.xs.opti.NamedNodeMapImpl,15,11,0.10714285714285714
org.apache.xerces.impl.xs.opti.NodeImpl,7,0,0.047619047619047616
org.apache.xerces.impl.xs.opti.SchemaDOM,71,66,0.11428571428571428
org.apache.xerces.impl.xs.opti.SchemaDOMParser,68,79,0.1794871794871795
org.apache.xerces.impl.xs.opti.SchemaParsingConfig,62,80,0.0
org.apache.xerces.impl.xs.opti.TextImpl,13,3,0.4
org.apache.xerces.impl.xs.traversers.SchemaContentHandler,63,43,0.0784313725490196
org.apache.xerces.impl.xs.traversers.XSAnnotationInfo,1,3,0.0
org.apache.xerces.impl.xs.traversers.XSAttributeChecker,168,536,0.06060606060606061
org.apache.xerces.impl.xs.traversers.XSDAbstractIDConstraintTraverser,21,39,0.0
org.apache.xerces.impl.xs.traversers.XSDAbstractParticleTraverser,35,63,0.16666666666666666
org.apache.xerces.impl.xs.traversers.XSDAbstractTraverser,158,234,0.06666666666666667
org.apache.xerces.impl.xs.traversers.XSDAttributeGroupTraverser,13,26,0.0
org.apache.xerces.impl.xs.traversers.XSDAttributeTraverser,65,93,0.0
org.apache.xerces.impl.xs.traversers.XSDComplexTypeTraverser,155,247,0.17647058823529413
org.apache.xerces.impl.xs.traversers.XSDElementTraverser,73,146,0.0
org.apache.xerces.impl.xs.traversers.XSDGroupTraverser,25,44,0.0
org.apache.xerces.impl.xs.traversers.XSDHandler,401,524,0.04846938775510204
org.apache.xerces.impl.xs.traversers.XSDKeyrefTraverser,8,22,0.0
org.apache.xerces.impl.xs.traversers.XSDNotationTraverser,8,18,0.0
org.apache.xerces.impl.xs.traversers.XSDSimpleTypeTraverser,105,118,0.027777777777777776
org.apache.xerces.impl.xs.traversers.XSDUniqueOrKeyTraverser,3,13,0.0
org.apache.xerces.impl.xs.traversers.XSDWildcardTraverser,11,22,0.0
org.apache.xerces.impl.xs.traversers.XSDocumentInfo,20,12,0.09090909090909091
org.apache.xerces.impl.xs.util.NSItemListImpl,5,0,1.0
org.apache.xerces.impl.xs.util.ShortListImpl,13,3,1.0
org.apache.xerces.impl.xs.util.SimpleLocator,18,0,0.09558823529411764
org.apache.xerces.impl.xs.util.StringListImpl,16,0,1.0
org.apache.xerces.impl.xs.util.XInt,4,1,0.5
org.apache.xerces.impl.xs.util.XIntPool,4,1,0.0
org.apache.xerces.impl.xs.util.XSGrammarPool,6,4,0.0
org.apache.xerces.impl.xs.util.XSNamedMap4Types,15,2,0.3333333333333333
org.apache.xerces.impl.xs.util.XSNamedMapImpl,19,0,1.0
org.apache.xerces.impl.xs.util.XSObjectListImpl,11,1,0.8333333333333334
org.apache.xerces.jaxp.DefaultValidationErrorHandler,4,3,0.0
org.apache.xerces.jaxp.DocumentBuilderFactoryImpl,32,29,0.3611111111111111
org.apache.xerces.jaxp.DocumentBuilderImpl,40,64,0.0
org.apache.xerces.jaxp.JAXPConstants,0,0,0.0
org.apache.xerces.jaxp.JAXPValidatorComponent,78,53,0.0033613445378151263
org.apache.xerces.jaxp.SAXParserFactoryImpl,20,8,0.21428571428571427
org.apache.xerces.jaxp.SAXParserImpl,89,85,0.056666666666666664
org.apache.xerces.jaxp.SchemaValidatorConfiguration,10,21,0.0
org.apache.xerces.jaxp.TeeXMLDocumentFilterImpl,22,0,0.012987012987012988
org.apache.xerces.jaxp.UnparsedEntityHandler,50,2,0.72
org.apache.xerces.jaxp.datatype.DatatypeFactoryImpl,7,0,0.0
org.apache.xerces.jaxp.datatype.DurationImpl,187,164,0.05398110661268556
org.apache.xerces.jaxp.datatype.XMLGregorianCalendarImpl,297,344,0.17402597402597403
org.apache.xerces.jaxp.validation.AbstractXMLSchema,2,0,0.0
org.apache.xerces.jaxp.validation.DOMDocumentHandler,7,0,0.0
org.apache.xerces.jaxp.validation.DOMResultAugmentor,48,32,0.03463203463203463
org.apache.xerces.jaxp.validation.DOMResultBuilder,55,87,0.04329004329004329
org.apache.xerces.jaxp.validation.DOMValidatorHelper,89,108,0.04743083003952569
org.apache.xerces.jaxp.validation.DraconianErrorHandler,4,0,0.0
org.apache.xerces.jaxp.validation.EmptyXMLSchema,9,0,0.0
org.apache.xerces.jaxp.validation.JAXPValidationMessageFormatter,9,8,0.0
org.apache.xerces.jaxp.validation.ReadOnlyGrammarPool,6,0,0.0
org.apache.xerces.jaxp.validation.SimpleXMLSchema,10,1,0.0
org.apache.xerces.jaxp.validation.SoftReferenceGrammarPool,52,41,0.23076923076923078
org.apache.xerces.jaxp.validation.StreamValidatorHelper,7,33,1.0
org.apache.xerces.jaxp.validation.Util,8,25,0.0
org.apache.xerces.jaxp.validation.ValidatorHandlerImpl,183,148,0.03224043715846994
org.apache.xerces.jaxp.validation.ValidatorHelper,1,0,0.0
org.apache.xerces.jaxp.validation.ValidatorImpl,38,29,0.14102564102564102
org.apache.xerces.jaxp.validation.WeakReferenceXMLSchema,3,1,0.0
org.apache.xerces.jaxp.validation.XMLSchema,2,0,0.0
org.apache.xerces.jaxp.validation.XMLSchemaFactory,52,75,0.05263157894736842
org.apache.xerces.jaxp.validation.XMLSchemaValidatorComponentManager,41,58,0.32051282051282054
org.apache.xerces.jaxp.validation.XSGrammarPoolContainer,2,0,0.0
org.apache.xerces.parsers.AbstractDOMParser,359,318,0.42081949058693247
org.apache.xerces.parsers.AbstractSAXParser,301,232,0.08050655811849841
org.apache.xerces.parsers.AbstractXMLDocumentParser,50,3,0.004897959183673469
org.apache.xerces.parsers.BasicParserConfiguration,38,42,0.03508771929824561
org.apache.xerces.parsers.CachingParserPool,23,0,0.1282051282051282
org.apache.xerces.parsers.DOMASBuilderImpl,20,19,0.10714285714285714
org.apache.xerces.parsers.DOMParser,59,69,0.06666666666666667
org.apache.xerces.parsers.DOMParserImpl,221,378,0.005288461538461539
org.apache.xerces.parsers.DTDConfiguration,83,88,0.0
org.apache.xerces.parsers.DTDParser,28,0,0.0
org.apache.xerces.parsers.IntegratedParserConfiguration,14,25,0.3333333333333333
org.apache.xerces.parsers.NonValidatingConfiguration,76,72,0.022058823529411766
org.apache.xerces.parsers.ObjectFactory,59,22,0.2857142857142857
org.apache.xerces.parsers.SAXParser,2,9,0.0
org.apache.xerces.parsers.SecurityConfiguration,0,2,0.0
org.apache.xerces.parsers.SecuritySupport,23,7,0.0
org.apache.xerces.parsers.StandardParserConfiguration,23,38,0.0
org.apache.xerces.parsers.XIncludeAwareParserConfiguration,23,40,1.0
org.apache.xerces.parsers.XIncludeParserConfiguration,10,38,0.3333333333333333
org.apache.xerces.parsers.XML11Configurable,0,0,0.0
org.apache.xerces.parsers.XML11Configuration,153,210,0.07096774193548387
org.apache.xerces.parsers.XML11DTDConfiguration,129,141,0.07586206896551724
org.apache.xerces.parsers.XML11NonValidatingConfiguration,128,114,0.07586206896551724
org.apache.xerces.parsers.XMLDocumentParser,0,9,0.0
org.apache.xerces.parsers.XMLGrammarCachingConfiguration,16,19,0.0
org.apache.xerces.parsers.XMLGrammarParser,0,3,0.0
org.apache.xerces.parsers.XMLGrammarPreparser,26,32,0.06666666666666667
org.apache.xerces.parsers.XMLParser,2,4,0.0
org.apache.xerces.parsers.XPointerParserConfiguration,9,48,0.3333333333333333
org.apache.xerces.util.AttributesProxy,33,28,0.015151515151515152
org.apache.xerces.util.AugmentationsImpl,46,6,0.01818181818181818
org.apache.xerces.util.DOMEntityResolverWrapper,13,16,0.5
org.apache.xerces.util.DOMErrorHandlerWrapper,21,286,0.39285714285714285
org.apache.xerces.util.DOMInputSource,6,1,0.3333333333333333
org.apache.xerces.util.DOMUtil,164,159,0.0
org.apache.xerces.util.DatatypeMessageFormatter,9,8,0.0
org.apache.xerces.util.DefaultErrorHandler,6,6,0.0
org.apache.xerces.util.EncodingMap,6,2,0.0
org.apache.xerces.util.EntityResolver2Wrapper,17,16,0.6
org.apache.xerces.util.EntityResolverWrapper,10,12,1.0
org.apache.xerces.util.ErrorHandlerProxy,7,0,0.0
org.apache.xerces.util.ErrorHandlerWrapper,26,13,0.07352941176470588
org.apache.xerces.util.HTTPInputSource,6,1,0.1
org.apache.xerces.util.IntStack,13,4,0.8571428571428571
org.apache.xerces.util.LocatorProxy,6,6,0.0
org.apache.xerces.util.MessageFormatter,1,0,0.0
org.apache.xerces.util.NamespaceSupport,34,16,0.6282051282051282
org.apache.xerces.util.ParserConfigurationSettings,21,12,0.03571428571428571
org.apache.xerces.util.SAXInputSource,18,15,0.6111111111111112
org.apache.xerces.util.SAXLocatorWrapper,19,6,0.32727272727272727
org.apache.xerces.util.SAXMessageFormatter,9,8,0.0
org.apache.xerces.util.SecurityManager,4,0,0.3333333333333333
org.apache.xerces.util.ShadowedSymbolTable,6,0,0.0
org.apache.xerces.util.SymbolHash,19,10,0.5714285714285714
org.apache.xerces.util.SymbolTable,30,20,0.5
org.apache.xerces.util.SynchronizedSymbolTable,4,0,1.0
org.apache.xerces.util.URI,358,41,0.1642512077294686
org.apache.xerces.util.XML11Char,72,5,0.3956043956043956
org.apache.xerces.util.XMLAttributesImpl,131,74,0.6420454545454546
org.apache.xerces.util.XMLCatalogResolver,60,22,0.16911764705882354
org.apache.xerces.util.XMLChar,68,0,0.13333333333333333
org.apache.xerces.util.XMLEntityDescriptionImpl,14,0,1.0
org.apache.xerces.util.XMLErrorCode,5,2,0.0
org.apache.xerces.util.XMLGrammarPoolImpl,37,32,0.25757575757575757
org.apache.xerces.util.XMLResourceIdentifierImpl,25,0,0.5604395604395604
org.apache.xerces.util.XMLStringBuffer,10,4,0.0
org.apache.xerces.util.XMLSymbols,0,0,0.0
org.apache.xerces.xinclude.MultipleScopeNamespaceSupport,27,15,0.47619047619047616
org.apache.xerces.xinclude.ObjectFactory,59,22,0.2857142857142857
org.apache.xerces.xinclude.SecuritySupport,23,7,0.0
org.apache.xerces.xinclude.XInclude11TextReader,1,1,0.0
org.apache.xerces.xinclude.XIncludeHandler,470,322,0.10350908129077764
org.apache.xerces.xinclude.XIncludeMessageFormatter,8,6,0.0
org.apache.xerces.xinclude.XIncludeNamespaceSupport,6,4,1.0
org.apache.xerces.xinclude.XIncludeTextReader,77,46,0.05555555555555555
org.apache.xerces.xni.Augmentations,5,0,0.0
org.apache.xerces.xni.NamespaceContext,9,0,0.0
org.apache.xerces.xni.QName,21,8,0.6666666666666666
org.apache.xerces.xni.XMLAttributes,28,0,0.0
org.apache.xerces.xni.XMLDTDContentModelHandler,12,0,0.0
org.apache.xerces.xni.XMLDTDHandler,22,0,0.0
org.apache.xerces.xni.XMLDocumentFragmentHandler,14,0,0.0
org.apache.xerces.xni.XMLDocumentHandler,18,0,0.0
org.apache.xerces.xni.XMLLocator,9,0,0.0
org.apache.xerces.xni.XMLResourceIdentifier,10,0,0.0
org.apache.xerces.xni.XMLString,15,3,0.16666666666666666
org.apache.xerces.xni.XNIException,1,1,0.0
org.apache.xerces.xni.grammars.Grammar,1,0,0.0
org.apache.xerces.xni.grammars.XMLDTDDescription,1,0,0.0
org.apache.xerces.xni.grammars.XMLGrammarDescription,1,0,0.0
org.apache.xerces.xni.grammars.XMLGrammarLoader,13,0,0.0
org.apache.xerces.xni.grammars.XMLGrammarPool,6,0,0.0
org.apache.xerces.xni.grammars.XMLSchemaDescription,6,0,0.0
org.apache.xerces.xni.grammars.XSGrammar,2,0,0.0
org.apache.xerces.xni.parser.XMLComponent,7,0,0.0
org.apache.xerces.xni.parser.XMLComponentManager,2,0,0.0
org.apache.xerces.xni.parser.XMLConfigurationException,2,0,0.0
org.apache.xerces.xni.parser.XMLDTDContentModelFilter,0,0,0.0
org.apache.xerces.xni.parser.XMLDTDContentModelSource,2,0,0.0
org.apache.xerces.xni.parser.XMLDTDFilter,0,0,0.0
org.apache.xerces.xni.parser.XMLDTDScanner,3,0,0.0
org.apache.xerces.xni.parser.XMLDTDSource,2,0,0.0
org.apache.xerces.xni.parser.XMLDocumentFilter,0,0,0.0
org.apache.xerces.xni.parser.XMLDocumentScanner,2,0,0.0
org.apache.xerces.xni.parser.XMLDocumentSource,2,0,0.0
org.apache.xerces.xni.parser.XMLEntityResolver,1,0,0.0
org.apache.xerces.xni.parser.XMLErrorHandler,3,0,0.0
org.apache.xerces.xni.parser.XMLInputSource,12,3,0.09090909090909091
org.apache.xerces.xni.parser.XMLParseException,17,15,0.25
org.apache.xerces.xni.parser.XMLParserConfiguration,19,0,0.0
org.apache.xerces.xni.parser.XMLPullParserConfiguration,3,0,0.0
org.apache.xerces.xpointer.ElementSchemePointer,99,38,0.10507246376811594
org.apache.xerces.xpointer.ShortHandPointer,31,10,0.18181818181818182
org.apache.xerces.xpointer.XPointerErrorHandler,6,6,0.0
org.apache.xerces.xpointer.XPointerHandler,144,54,0.05591397849462366
org.apache.xerces.xpointer.XPointerMessageFormatter,8,6,0.0
org.apache.xerces.xpointer.XPointerPart,8,0,0.0
org.apache.xerces.xpointer.XPointerProcessor,4,0,0.0
org.apache.xerces.xs.AttributePSVI,1,0,0.0
org.apache.xerces.xs.ElementPSVI,4,0,0.0
org.apache.xerces.xs.ItemPSVI,12,0,0.0
org.apache.xerces.xs.LSInputList,2,0,0.0
org.apache.xerces.xs.PSVIProvider,3,0,0.0
org.apache.xerces.xs.ShortList,3,0,0.0
org.apache.xerces.xs.StringList,3,0,0.0
org.apache.xerces.xs.XSAnnotation,2,0,0.0
org.apache.xerces.xs.XSAttributeDeclaration,9,0,0.0
org.apache.xerces.xs.XSAttributeGroupDefinition,3,0,0.0
org.apache.xerces.xs.XSAttributeUse,7,0,0.0
org.apache.xerces.xs.XSComplexTypeDefinition,10,0,0.0
org.apache.xerces.xs.XSConstants,0,0,0.0
org.apache.xerces.xs.XSElementDeclaration,17,0,0.0
org.apache.xerces.xs.XSException,0,0,0.0
org.apache.xerces.xs.XSFacet,4,0,0.0
org.apache.xerces.xs.XSIDCDefinition,5,0,0.0
org.apache.xerces.xs.XSImplementation,2,0,0.0
org.apache.xerces.xs.XSLoader,5,0,0.0
org.apache.xerces.xs.XSModel,11,0,0.0
org.apache.xerces.xs.XSModelGroup,3,0,0.0
org.apache.xerces.xs.XSModelGroupDefinition,2,0,0.0
org.apache.xerces.xs.XSMultiValueFacet,3,0,0.0
org.apache.xerces.xs.XSNamedMap,3,0,0.0
org.apache.xerces.xs.XSNamespaceItem,10,0,0.0
org.apache.xerces.xs.XSNamespaceItemList,2,0,0.0
org.apache.xerces.xs.XSNotationDeclaration,3,0,0.0
org.apache.xerces.xs.XSObject,4,0,0.0
org.apache.xerces.xs.XSObjectList,2,0,0.0
org.apache.xerces.xs.XSParticle,4,0,0.0
org.apache.xerces.xs.XSSimpleTypeDefinition,19,0,0.0
org.apache.xerces.xs.XSTerm,0,0,0.0
org.apache.xerces.xs.XSTypeDefinition,7,0,0.0
org.apache.xerces.xs.XSWildcard,4,0,0.0
org.apache.xerces.xs.datatypes.ByteList,3,0,0.0
org.apache.xerces.xs.datatypes.ObjectList,3,0,0.0
org.apache.xerces.xs.datatypes.XSDateTime,14,0,0.0
org.apache.xerces.xs.datatypes.XSDecimal,6,0,0.0
org.apache.xerces.xs.datatypes.XSDouble,1,0,0.0
org.apache.xerces.xs.datatypes.XSFloat,1,0,0.0
org.apache.xerces.xs.datatypes.XSQName,2,0,0.0
org.apache.xml.serialize.BaseMarkupSerializer,254,186,0.06262626262626263
org.apache.xml.serialize.DOMSerializer,3,0,0.0
org.apache.xml.serialize.DOMSerializerImpl,199,298,0.09558823529411764
org.apache.xml.serialize.ElementState,0,0,0.0
org.apache.xml.serialize.EncodingInfo,23,16,0.1
org.apache.xml.serialize.Encodings,13,15,0.0
org.apache.xml.serialize.HTMLSerializer,146,93,0.15555555555555556
org.apache.xml.serialize.HTMLdtd,46,8,0.0
org.apache.xml.serialize.IndentPrinter,42,10,0.3484848484848485
org.apache.xml.serialize.LineSeparator,0,0,0.0
org.apache.xml.serialize.Method,0,0,0.0
org.apache.xml.serialize.ObjectFactory,59,22,0.2857142857142857
org.apache.xml.serialize.OutputFormat,79,34,0.03276955602536998
org.apache.xml.serialize.Printer,44,0,0.14102564102564102
org.apache.xml.serialize.SecuritySupport,23,7,0.0
org.apache.xml.serialize.Serializer,6,0,0.0
org.apache.xml.serialize.SerializerFactory,10,13,0.0
org.apache.xml.serialize.SerializerFactoryImpl,11,13,0.3333333333333333
org.apache.xml.serialize.TextSerializer,44,35,0.0
org.apache.xml.serialize.XHTMLSerializer,5,10,0.0
org.apache.xml.serialize.XML11Serializer,75,46,0.0
org.apache.xml.serialize.XMLSerializer,246,211,0.11666666666666667
org.w3c.dom.html.HTMLDOMImplementation,1,0,0.0